Timestamp,Voltage_V,Current_A,Power_W,Energy_kWh,Cost,Alert_Status
2026-06-09 19:35:28,231.33,17.173,3972.75,0.0,0.0,OVERLOAD_WARNING
2026-06-09 19:35:29,232.38,1.665,386.94,0.0001,0.0,NORMAL
2026-06-09 19:35:30,228.87,16.768,3837.64,0.0012,0.01,OVERLOAD_WARNING
2026-06-09 19:35:31,231.05,10.513,2428.99,0.0019,0.01,NORMAL
2026-06-09 19:35:32,230.0,10.599,2437.85,0.0026,0.02,NORMAL
2026-06-09 19:35:33,233.54,10.32,2410.04,0.0032,0.02,NORMAL
2026-06-09 19:35:34,231.55,14.285,3307.61,0.0042,0.03,OVERLOAD_WARNING
2026-06-09 19:35:35,230.99,1.281,295.88,0.0042,0.03,NORMAL
2026-06-09 19:35:36,228.3,13.658,3117.99,0.0051,0.04,OVERLOAD_WARNING
2026-06-09 19:35:37,228.28,10.26,2342.0,0.0058,0.04,NORMAL
2026-06-09 19:35:38,228.33,1.769,403.83,0.0059,0.04,NORMAL
2026-06-09 19:35:39,233.4,14.282,3333.42,0.0068,0.05,OVERLOAD_WARNING
2026-06-09 19:35:40,231.5,13.304,3079.8,0.0077,0.06,OVERLOAD_WARNING
2026-06-09 19:35:41,228.47,17.346,3963.02,0.0088,0.07,OVERLOAD_WARNING
2026-06-09 19:35:43,229.35,17.453,4002.74,0.0099,0.07,OVERLOAD_WARNING
2026-06-09 19:35:44,227.07,14.369,3262.67,0.0108,0.08,OVERLOAD_WARNING
2026-06-09 19:35:45,226.19,2.082,470.92,0.011,0.08,NORMAL
2026-06-09 19:35:46,233.55,13.483,3148.9,0.0119,0.09,OVERLOAD_WARNING
2026-06-09 19:35:47,230.7,1.726,398.22,0.012,0.09,NORMAL
2026-06-09 19:35:48,232.77,16.951,3945.78,0.0131,0.1,OVERLOAD_WARNING
2026-06-09 19:35:49,228.92,16.9,3868.72,0.0142,0.11,OVERLOAD_WARNING
2026-06-09 19:35:50,229.06,10.316,2363.07,0.0148,0.11,NORMAL
2026-06-09 19:35:51,233.45,17.477,4080.06,0.016,0.12,OVERLOAD_WARNING
2026-06-09 19:35:52,231.75,13.564,3143.37,0.0169,0.13,OVERLOAD_WARNING
2026-06-09 19:35:53,228.91,14.499,3319.05,0.0178,0.13,OVERLOAD_WARNING
2026-06-09 19:35:54,227.75,13.875,3160.05,0.0187,0.14,OVERLOAD_WARNING
2026-06-09 19:35:55,231.14,1.362,314.82,0.0188,0.14,NORMAL
2026-06-09 19:35:56,232.04,16.868,3914.1,0.0199,0.15,OVERLOAD_WARNING
2026-06-09 19:35:57,232.65,16.98,3950.38,0.021,0.16,OVERLOAD_WARNING
2026-06-09 19:35:58,226.04,10.048,2271.17,0.0216,0.16,NORMAL
2026-06-09 19:35:59,232.56,16.843,3917.09,0.0227,0.17,OVERLOAD_WARNING
2026-06-09 19:36:00,228.13,1.845,420.95,0.0228,0.17,NORMAL
2026-06-09 19:36:01,226.7,10.119,2294.12,0.0235,0.18,NORMAL
2026-06-09 19:36:02,227.52,13.385,3045.26,0.0243,0.18,OVERLOAD_WARNING
2026-06-09 19:36:03,228.33,10.841,2475.3,0.025,0.19,NORMAL
2026-06-09 19:36:04,227.08,1.591,361.37,0.0251,0.19,NORMAL
2026-06-09 19:36:05,233.94,17.457,4084.04,0.0263,0.2,OVERLOAD_WARNING
2026-06-09 19:36:06,231.97,17.663,4097.15,0.0274,0.21,OVERLOAD_WARNING
2026-06-09 19:36:07,227.73,17.443,3972.2,0.0285,0.21,OVERLOAD_WARNING
2026-06-09 19:36:08,229.16,14.312,3279.73,0.0294,0.22,OVERLOAD_WARNING
2026-06-09 19:36:09,227.47,1.705,387.89,0.0295,0.22,NORMAL
2026-06-09 19:36:10,232.49,2.222,516.56,0.0297,0.22,NORMAL
2026-06-09 19:36:11,230.37,2.404,553.86,0.0298,0.22,NORMAL
2026-06-09 19:36:12,228.22,14.247,3251.52,0.0308,0.23,OVERLOAD_WARNING
2026-06-09 19:36:13,233.03,13.936,3247.53,0.0317,0.24,OVERLOAD_WARNING
2026-06-09 19:36:14,228.32,2.278,520.07,0.0318,0.24,NORMAL
2026-06-09 19:36:15,228.08,16.837,3840.26,0.0329,0.25,OVERLOAD_WARNING
2026-06-09 19:36:16,232.19,2.233,518.56,0.033,0.25,NORMAL
2026-06-09 19:36:17,228.26,14.487,3306.73,0.034,0.25,OVERLOAD_WARNING
2026-06-09 19:36:18,233.97,10.156,2376.29,0.0346,0.26,NORMAL
2026-06-09 19:36:19,229.97,10.354,2381.04,0.0353,0.26,NORMAL
2026-06-09 19:36:20,228.31,17.204,3927.83,0.0364,0.27,OVERLOAD_WARNING
2026-06-09 19:36:21,229.74,1.326,304.69,0.0365,0.27,NORMAL
2026-06-09 19:36:22,230.23,17.085,3933.51,0.0376,0.28,OVERLOAD_WARNING
2026-06-09 19:36:23,226.05,2.056,464.66,0.0377,0.28,NORMAL
2026-06-09 19:36:24,230.54,14.37,3312.87,0.0387,0.29,OVERLOAD_WARNING
2026-06-09 19:36:25,228.75,13.245,3029.87,0.0395,0.3,OVERLOAD_WARNING
2026-06-09 19:36:26,233.52,13.824,3228.04,0.0404,0.3,OVERLOAD_WARNING
2026-06-09 19:36:27,233.6,17.734,4142.64,0.0416,0.31,OVERLOAD_WARNING
2026-06-09 19:36:28,233.53,16.718,3904.19,0.0427,0.32,OVERLOAD_WARNING
2026-06-09 19:36:29,228.35,10.383,2371.0,0.0434,0.33,NORMAL
2026-06-09 19:36:30,232.11,10.868,2522.62,0.0441,0.33,NORMAL
2026-06-09 19:36:31,232.45,17.357,4034.57,0.0452,0.34,OVERLOAD_WARNING
2026-06-09 19:36:32,228.42,9.769,2231.49,0.0458,0.34,NORMAL
2026-06-09 19:36:33,229.11,9.728,2228.8,0.0465,0.35,NORMAL
2026-06-09 19:36:34,233.47,10.038,2343.49,0.0471,0.35,NORMAL
2026-06-09 19:36:35,233.69,10.871,2540.37,0.0478,0.36,NORMAL
2026-06-09 19:36:36,231.02,13.353,3084.78,0.0487,0.37,OVERLOAD_WARNING
2026-06-09 19:36:37,229.08,10.143,2323.51,0.0493,0.37,NORMAL
2026-06-09 19:36:38,230.52,9.757,2249.13,0.05,0.37,NORMAL
2026-06-09 19:36:39,230.36,17.375,4002.56,0.0511,0.38,OVERLOAD_WARNING
2026-06-09 19:36:40,226.15,10.73,2426.51,0.0518,0.39,NORMAL
2026-06-09 19:36:41,233.92,16.868,3945.79,0.0529,0.4,OVERLOAD_WARNING
2026-06-09 19:36:42,227.9,10.639,2424.6,0.0535,0.4,NORMAL
2026-06-09 19:36:43,230.15,14.24,3277.24,0.0545,0.41,OVERLOAD_WARNING
2026-06-09 19:36:44,228.92,13.615,3116.77,0.0553,0.41,OVERLOAD_WARNING
2026-06-09 19:36:45,226.22,9.718,2198.38,0.0559,0.42,NORMAL
2026-06-09 19:36:46,229.23,13.224,3031.4,0.0568,0.43,OVERLOAD_WARNING
2026-06-09 19:36:47,231.6,10.985,2544.01,0.0575,0.43,NORMAL
2026-06-09 19:36:48,229.53,10.438,2395.77,0.0582,0.44,NORMAL
2026-06-09 19:36:49,230.48,13.883,3199.84,0.0591,0.44,OVERLOAD_WARNING
2026-06-09 19:36:50,226.41,13.37,3027.18,0.0599,0.45,OVERLOAD_WARNING
2026-06-09 19:36:51,231.09,13.395,3095.46,0.0608,0.46,OVERLOAD_WARNING
2026-06-09 19:36:52,231.76,1.982,459.24,0.0609,0.46,NORMAL
2026-06-09 19:36:53,226.14,14.421,3261.06,0.0618,0.46,OVERLOAD_WARNING
2026-06-09 19:36:54,230.05,10.056,2313.44,0.0625,0.47,NORMAL
2026-06-09 19:36:55,228.11,10.403,2373.1,0.0631,0.47,NORMAL
2026-06-09 19:36:56,226.67,10.231,2319.12,0.0638,0.48,NORMAL
2026-06-09 19:36:57,232.48,16.682,3878.29,0.0649,0.49,OVERLOAD_WARNING
2026-06-09 19:36:58,231.76,13.888,3218.78,0.0658,0.49,OVERLOAD_WARNING
2026-06-09 19:36:59,233.75,17.514,4093.9,0.0669,0.5,OVERLOAD_WARNING
2026-06-09 19:37:00,228.5,1.46,333.65,0.067,0.5,NORMAL
2026-06-09 19:37:01,230.52,14.224,3278.88,0.0679,0.51,OVERLOAD_WARNING
2026-06-09 19:37:02,233.42,9.843,2297.65,0.0686,0.51,NORMAL
2026-06-09 19:37:03,232.41,17.226,4003.5,0.0697,0.52,OVERLOAD_WARNING
2026-06-09 19:37:04,233.19,10.063,2346.66,0.0704,0.53,NORMAL
2026-06-09 19:37:05,226.34,10.146,2296.53,0.071,0.53,NORMAL
2026-06-09 19:37:06,233.52,13.403,3129.78,0.0719,0.54,OVERLOAD_WARNING
2026-06-09 19:37:07,227.41,16.697,3797.22,0.073,0.55,OVERLOAD_WARNING
2026-06-09 19:37:08,233.61,16.965,3963.2,0.0741,0.56,OVERLOAD_WARNING
2026-06-09 19:37:09,227.15,10.381,2358.05,0.0747,0.56,NORMAL
2026-06-09 19:37:10,232.26,14.011,3254.18,0.0756,0.57,OVERLOAD_WARNING
2026-06-09 19:37:11,227.05,14.316,3250.46,0.0765,0.57,OVERLOAD_WARNING
2026-06-09 19:37:12,230.91,10.076,2326.69,0.0772,0.58,NORMAL
2026-06-09 19:37:13,231.22,14.211,3285.96,0.0781,0.59,OVERLOAD_WARNING
2026-06-09 19:37:14,233.75,1.534,358.49,0.0782,0.59,NORMAL
2026-06-09 19:37:15,228.59,10.883,2487.89,0.0789,0.59,NORMAL
2026-06-09 19:37:16,231.93,14.493,3361.41,0.0799,0.6,OVERLOAD_WARNING
2026-06-09 19:37:17,231.31,13.603,3146.55,0.0807,0.61,OVERLOAD_WARNING
2026-06-09 19:37:18,233.16,1.91,445.34,0.0809,0.61,NORMAL
2026-06-09 19:37:19,228.15,10.743,2451.05,0.0815,0.61,NORMAL
2026-06-09 19:37:20,228.62,13.434,3071.23,0.0824,0.62,OVERLOAD_WARNING
2026-06-09 19:37:21,227.92,2.266,516.36,0.0825,0.62,NORMAL
2026-06-09 19:37:22,231.09,10.084,2330.35,0.0832,0.62,NORMAL
2026-06-09 19:37:23,228.63,17.786,4066.49,0.0843,0.63,OVERLOAD_WARNING
2026-06-09 19:37:24,227.03,17.538,3981.58,0.0855,0.64,OVERLOAD_WARNING
2026-06-09 19:37:25,228.87,16.747,3832.94,0.0865,0.65,OVERLOAD_WARNING
2026-06-09 19:37:26,230.43,14.399,3317.99,0.0875,0.66,OVERLOAD_WARNING
2026-06-09 19:37:27,231.9,1.68,389.51,0.0876,0.66,NORMAL
2026-06-09 19:37:28,231.96,10.613,2461.9,0.0883,0.66,NORMAL
2026-06-09 19:37:29,229.23,13.924,3191.83,0.0891,0.67,OVERLOAD_WARNING
2026-06-09 19:37:30,232.0,9.853,2285.95,0.0898,0.67,NORMAL
2026-06-09 19:37:31,231.75,2.424,561.81,0.0899,0.67,NORMAL
2026-06-09 19:37:33,228.92,14.071,3221.12,0.0908,0.68,OVERLOAD_WARNING
2026-06-09 19:37:34,226.62,10.439,2365.69,0.0915,0.69,NORMAL
2026-06-09 19:37:35,231.66,14.237,3298.04,0.0924,0.69,OVERLOAD_WARNING
2026-06-09 19:37:36,232.4,10.125,2353.0,0.0931,0.7,NORMAL
2026-06-09 19:37:37,229.34,9.758,2237.88,0.0937,0.7,NORMAL
2026-06-09 19:37:38,230.74,14.151,3265.26,0.0946,0.71,OVERLOAD_WARNING
2026-06-09 19:37:39,231.7,14.426,3342.56,0.0956,0.72,OVERLOAD_WARNING
2026-06-09 19:37:40,227.54,10.106,2299.61,0.0962,0.72,NORMAL
2026-06-09 19:37:41,232.95,16.615,3870.62,0.0973,0.73,OVERLOAD_WARNING
2026-06-09 19:37:42,229.28,10.637,2438.9,0.098,0.73,NORMAL
2026-06-09 19:37:43,227.67,2.344,533.69,0.0981,0.74,NORMAL
2026-06-09 19:37:44,232.48,13.449,3126.59,0.099,0.74,OVERLOAD_WARNING
2026-06-09 19:37:45,229.56,13.358,3066.5,0.0999,0.75,OVERLOAD_WARNING
2026-06-09 19:37:46,233.08,17.266,4024.22,0.101,0.76,OVERLOAD_WARNING
2026-06-09 19:37:47,231.21,13.736,3175.88,0.1019,0.76,OVERLOAD_WARNING
2026-06-09 19:37:48,228.74,13.981,3197.99,0.1028,0.77,OVERLOAD_WARNING
2026-06-09 19:37:49,232.56,13.385,3112.86,0.1036,0.78,OVERLOAD_WARNING
2026-06-09 19:37:50,231.4,2.424,560.96,0.1038,0.78,NORMAL
2026-06-09 19:37:51,230.06,10.27,2362.69,0.1045,0.78,NORMAL
2026-06-09 19:37:52,227.43,17.158,3902.32,0.1056,0.79,OVERLOAD_WARNING
2026-06-09 19:37:53,229.46,10.489,2406.83,0.1062,0.8,NORMAL
2026-06-09 19:37:54,232.79,1.618,376.65,0.1063,0.8,NORMAL
2026-06-09 19:37:55,229.55,14.169,3252.48,0.1072,0.8,OVERLOAD_WARNING
2026-06-09 19:37:56,227.32,16.613,3776.37,0.1083,0.81,OVERLOAD_WARNING
2026-06-09 19:37:57,228.11,14.003,3194.11,0.1092,0.82,OVERLOAD_WARNING
2026-06-09 19:37:58,230.1,13.943,3208.14,0.1101,0.83,OVERLOAD_WARNING
2026-06-09 19:37:59,229.64,1.677,385.15,0.1102,0.83,NORMAL
2026-06-09 19:38:00,233.57,14.197,3316.04,0.1111,0.83,OVERLOAD_WARNING
2026-06-09 19:38:01,232.79,10.503,2444.97,0.1118,0.84,NORMAL
2026-06-09 19:38:02,232.78,1.978,460.5,0.1119,0.84,NORMAL
2026-06-09 19:38:03,231.51,13.874,3211.89,0.1128,0.85,OVERLOAD_WARNING
2026-06-09 19:38:04,229.74,2.478,569.23,0.113,0.85,NORMAL
2026-06-09 19:38:05,228.76,10.258,2346.58,0.1136,0.85,NORMAL
2026-06-09 19:38:06,233.39,16.841,3930.49,0.1148,0.86,OVERLOAD_WARNING
2026-06-09 19:38:07,231.09,14.144,3268.47,0.1157,0.87,OVERLOAD_WARNING
2026-06-09 19:38:08,231.74,1.211,280.54,0.1158,0.87,NORMAL
2026-06-09 19:38:09,231.73,1.572,364.32,0.1159,0.87,NORMAL
2026-06-09 19:38:10,229.77,2.355,541.09,0.116,0.87,NORMAL
2026-06-09 19:38:11,233.58,14.36,3354.31,0.1169,0.88,OVERLOAD_WARNING
2026-06-09 19:38:12,226.98,14.044,3187.73,0.1178,0.88,OVERLOAD_WARNING
2026-06-09 19:38:13,233.3,10.296,2402.03,0.1185,0.89,NORMAL
2026-06-09 19:38:14,230.16,2.036,468.54,0.1186,0.89,NORMAL
2026-06-09 19:38:15,233.63,10.341,2416.06,0.1193,0.89,NORMAL
2026-06-09 19:38:16,227.7,14.493,3300.15,0.1202,0.9,OVERLOAD_WARNING
2026-06-09 19:38:17,229.17,17.017,3899.75,0.1213,0.91,OVERLOAD_WARNING
2026-06-09 19:38:18,229.84,2.384,547.99,0.1215,0.91,NORMAL
2026-06-09 19:38:19,228.17,14.177,3234.72,0.1224,0.92,OVERLOAD_WARNING
2026-06-09 19:38:20,226.33,1.698,384.37,0.1225,0.92,NORMAL
2026-06-09 19:38:21,226.8,17.455,3958.85,0.1236,0.93,OVERLOAD_WARNING
2026-06-09 19:38:22,232.13,17.461,4053.23,0.1248,0.94,OVERLOAD_WARNING
2026-06-09 19:38:23,232.17,1.495,347.02,0.1249,0.94,NORMAL
2026-06-09 19:38:24,232.91,17.766,4137.8,0.126,0.95,OVERLOAD_WARNING
2026-06-09 19:38:25,230.18,16.772,3860.76,0.1271,0.95,OVERLOAD_WARNING
2026-06-09 19:38:26,230.75,1.357,313.06,0.1272,0.95,NORMAL
2026-06-09 19:38:27,226.21,16.885,3819.49,0.1283,0.96,OVERLOAD_WARNING
2026-06-09 19:38:28,228.36,17.184,3924.11,0.1294,0.97,OVERLOAD_WARNING
2026-06-09 19:38:29,228.24,2.333,532.54,0.1295,0.97,NORMAL
2026-06-09 19:38:30,228.17,10.809,2466.4,0.1302,0.98,NORMAL
2026-06-09 19:38:31,232.05,9.872,2290.72,0.1309,0.98,NORMAL
2026-06-09 19:38:32,233.71,10.512,2456.68,0.1316,0.99,NORMAL
2026-06-09 19:38:33,230.3,1.361,313.45,0.1316,0.99,NORMAL
2026-06-09 19:38:34,232.24,17.042,3957.87,0.1328,1.0,OVERLOAD_WARNING
2026-06-09 19:38:35,229.26,13.868,3179.47,0.1336,1.0,OVERLOAD_WARNING
2026-06-09 19:38:36,227.0,13.878,3150.39,0.1345,1.01,OVERLOAD_WARNING
2026-06-09 19:38:37,232.67,1.644,382.54,0.1346,1.01,NORMAL
2026-06-09 19:38:38,226.27,1.458,329.95,0.1347,1.01,NORMAL
2026-06-09 19:38:39,228.8,2.105,481.62,0.1349,1.01,NORMAL
2026-06-09 19:38:40,232.08,17.279,4010.0,0.136,1.02,OVERLOAD_WARNING
2026-06-09 19:38:41,230.98,10.637,2456.99,0.1367,1.03,NORMAL
2026-06-09 19:38:42,233.83,16.703,3905.64,0.1378,1.03,OVERLOAD_WARNING
2026-06-09 19:38:43,233.06,2.076,483.91,0.1379,1.03,NORMAL
2026-06-09 19:38:44,231.79,1.25,289.85,0.138,1.03,NORMAL
2026-06-09 19:38:45,228.51,13.74,3139.66,0.1389,1.04,OVERLOAD_WARNING
2026-06-09 19:38:46,233.28,13.654,3185.2,0.1398,1.05,OVERLOAD_WARNING
2026-06-09 19:38:47,233.35,17.049,3978.28,0.1409,1.06,OVERLOAD_WARNING
2026-06-09 19:38:48,232.29,14.334,3329.65,0.1418,1.06,OVERLOAD_WARNING
2026-06-09 19:38:49,230.2,17.841,4107.15,0.143,1.07,OVERLOAD_WARNING
2026-06-09 19:38:50,227.92,1.856,422.97,0.1431,1.07,NORMAL
2026-06-09 19:38:51,233.05,17.828,4154.68,0.1443,1.08,OVERLOAD_WARNING
2026-06-09 19:38:52,230.38,10.464,2410.65,0.145,1.09,NORMAL
2026-06-09 19:38:53,227.38,2.177,494.96,0.1451,1.09,NORMAL
2026-06-09 19:38:54,230.8,1.767,407.82,0.1452,1.09,NORMAL
2026-06-09 19:38:55,232.12,13.818,3207.33,0.1461,1.1,OVERLOAD_WARNING
2026-06-09 19:38:56,231.85,10.04,2327.75,0.1468,1.1,NORMAL
2026-06-09 19:38:57,229.1,14.236,3261.49,0.1477,1.11,OVERLOAD_WARNING
2026-06-09 19:38:58,226.45,1.28,289.96,0.1478,1.11,NORMAL
2026-06-09 19:38:59,230.39,16.714,3850.87,0.1489,1.12,OVERLOAD_WARNING
2026-06-09 19:39:00,228.85,10.378,2374.99,0.1495,1.12,NORMAL
2026-06-09 19:39:01,232.35,10.974,2549.7,0.1502,1.13,NORMAL
2026-06-09 19:39:02,232.42,14.299,3323.25,0.1512,1.13,OVERLOAD_WARNING
2026-06-09 19:39:03,230.23,17.036,3922.1,0.1523,1.14,OVERLOAD_WARNING
2026-06-09 19:39:04,230.15,10.42,2398.04,0.1529,1.15,NORMAL
2026-06-09 19:39:05,233.4,13.938,3252.97,0.1539,1.15,OVERLOAD_WARNING
2026-06-09 19:39:06,228.29,2.475,564.98,0.154,1.16,NORMAL
2026-06-09 19:39:07,227.33,13.991,3180.5,0.1549,1.16,OVERLOAD_WARNING
2026-06-09 19:39:08,232.77,17.464,4065.07,0.156,1.17,OVERLOAD_WARNING
2026-06-09 19:39:09,229.33,10.518,2412.15,0.1567,1.18,NORMAL
2026-06-09 19:39:10,230.75,16.981,3918.37,0.1578,1.18,OVERLOAD_WARNING
2026-06-09 19:39:11,226.15,2.278,515.09,0.158,1.18,NORMAL
2026-06-09 19:39:12,233.79,17.575,4108.92,0.1591,1.19,OVERLOAD_WARNING
2026-06-09 19:39:13,229.97,9.795,2252.58,0.1597,1.2,NORMAL
2026-06-09 19:39:14,228.34,1.365,311.57,0.1598,1.2,NORMAL
2026-06-09 19:39:15,233.62,10.355,2419.06,0.1605,1.2,NORMAL
2026-06-09 19:39:16,228.32,1.313,299.79,0.1606,1.2,NORMAL
2026-06-09 19:39:17,228.02,1.331,303.52,0.1607,1.21,NORMAL
2026-06-09 19:39:19,229.15,14.296,3275.84,0.1616,1.21,OVERLOAD_WARNING
2026-06-09 19:39:20,230.05,1.217,279.96,0.1617,1.21,NORMAL
2026-06-09 19:39:21,233.33,1.915,446.76,0.1618,1.21,NORMAL
2026-06-09 19:39:22,227.34,10.524,2392.5,0.1625,1.22,NORMAL
2026-06-09 19:39:23,226.18,10.911,2467.89,0.1632,1.22,NORMAL
2026-06-09 19:39:24,228.44,10.334,2360.64,0.1638,1.23,NORMAL
2026-06-09 19:39:25,229.45,17.237,3955.1,0.1649,1.24,OVERLOAD_WARNING
2026-06-09 19:39:26,230.73,10.152,2342.44,0.1656,1.24,NORMAL
2026-06-09 19:39:27,227.75,2.291,521.74,0.1657,1.24,NORMAL
2026-06-09 19:39:28,226.44,1.447,327.66,0.1658,1.24,NORMAL
2026-06-09 19:39:29,230.39,14.305,3295.63,0.1667,1.25,OVERLOAD_WARNING
2026-06-09 19:39:30,228.31,10.336,2359.89,0.1674,1.26,NORMAL
2026-06-09 19:39:31,227.69,16.952,3859.7,0.1685,1.26,OVERLOAD_WARNING
2026-06-09 19:39:32,230.52,10.305,2375.49,0.1691,1.27,NORMAL
2026-06-09 19:39:33,228.18,17.714,4041.82,0.1703,1.28,OVERLOAD_WARNING
2026-06-09 19:39:34,230.7,10.449,2410.52,0.171,1.28,NORMAL
2026-06-09 19:39:35,232.16,17.552,4075.05,0.1721,1.29,OVERLOAD_WARNING
2026-06-09 19:39:36,227.32,13.781,3132.61,0.173,1.3,OVERLOAD_WARNING
2026-06-09 19:40:00,230.78,14.403,3323.84,0.0,0.0,OVERLOAD_WARNING
2026-06-09 19:40:01,229.7,10.911,2506.13,0.0007,0.01,NORMAL
2026-06-09 19:40:02,228.43,13.646,3117.26,0.0016,0.01,OVERLOAD_WARNING
2026-06-09 19:40:03,227.63,10.658,2426.1,0.0023,0.02,NORMAL
2026-06-09 19:40:04,227.88,2.374,540.91,0.0024,0.02,NORMAL
2026-06-09 19:40:05,233.19,17.645,4114.67,0.0036,0.03,OVERLOAD_WARNING
2026-06-09 19:40:06,229.98,10.763,2475.2,0.0043,0.03,NORMAL
2026-06-09 19:40:07,233.58,10.12,2363.76,0.0049,0.04,NORMAL
2026-06-09 19:40:08,231.41,10.527,2435.98,0.0056,0.04,NORMAL
2026-06-09 19:40:09,230.41,10.718,2469.58,0.0063,0.05,NORMAL
2026-06-09 19:40:10,228.35,14.179,3237.66,0.0072,0.05,OVERLOAD_WARNING
2026-06-09 19:40:11,232.05,13.549,3144.11,0.0081,0.06,OVERLOAD_WARNING
2026-06-09 19:40:12,227.78,2.126,484.24,0.0082,0.06,NORMAL
2026-06-09 19:40:13,226.88,17.391,3945.7,0.0093,0.07,OVERLOAD_WARNING
2026-06-09 19:40:14,226.67,17.176,3893.18,0.0104,0.08,OVERLOAD_WARNING
2026-06-09 19:40:15,233.59,13.753,3212.63,0.0113,0.09,OVERLOAD_WARNING
2026-06-09 19:40:16,231.18,16.909,3909.08,0.0124,0.09,OVERLOAD_WARNING
2026-06-09 19:40:17,233.32,17.663,4121.01,0.0136,0.1,OVERLOAD_WARNING
2026-06-09 19:40:18,229.36,13.474,3090.43,0.0145,0.11,OVERLOAD_WARNING
2026-06-09 19:40:19,226.34,10.612,2401.86,0.0151,0.11,NORMAL
2026-06-09 19:40:20,233.74,1.785,417.13,0.0153,0.11,NORMAL
2026-06-09 19:40:21,229.91,13.918,3199.81,0.0162,0.12,OVERLOAD_WARNING
2026-06-09 19:40:22,231.44,10.8,2499.64,0.0169,0.13,NORMAL
2026-06-09 19:40:23,230.87,2.028,468.21,0.017,0.13,NORMAL
2026-06-09 19:40:24,231.87,1.834,425.19,0.0171,0.13,NORMAL
2026-06-09 19:40:25,233.67,9.852,2302.06,0.0177,0.13,NORMAL
2026-06-09 19:40:26,226.79,17.331,3930.45,0.0188,0.14,OVERLOAD_WARNING
2026-06-09 19:40:27,233.57,13.57,3169.66,0.0197,0.15,OVERLOAD_WARNING
2026-06-09 19:40:28,229.92,17.109,3933.6,0.0208,0.16,OVERLOAD_WARNING
2026-06-09 19:40:29,226.11,1.494,337.71,0.0209,0.16,NORMAL
2026-06-09 19:40:30,228.3,13.24,3022.67,0.0218,0.16,OVERLOAD_WARNING
2026-06-09 19:40:31,231.45,10.66,2467.26,0.0225,0.17,NORMAL
2026-06-09 19:40:33,227.51,17.752,4038.67,0.0236,0.18,OVERLOAD_WARNING
2026-06-09 19:40:34,232.72,10.798,2512.93,0.0243,0.18,NORMAL
2026-06-09 19:40:35,226.58,9.996,2264.95,0.0249,0.19,NORMAL
2026-06-09 19:40:36,229.82,13.345,3067.08,0.0258,0.19,OVERLOAD_WARNING
2026-06-09 19:40:37,229.33,10.21,2341.4,0.0264,0.2,NORMAL
2026-06-09 19:40:38,231.07,17.124,3956.8,0.0276,0.21,OVERLOAD_WARNING
2026-06-09 19:40:39,233.26,17.221,4017.06,0.0287,0.22,OVERLOAD_WARNING
2026-06-09 19:40:40,226.75,17.303,3923.48,0.0298,0.22,OVERLOAD_WARNING
2026-06-09 19:40:41,226.91,14.126,3205.43,0.0307,0.23,OVERLOAD_WARNING
2026-06-09 19:40:42,231.79,13.57,3145.53,0.0316,0.24,OVERLOAD_WARNING
2026-06-09 19:40:43,229.99,13.751,3162.5,0.0325,0.24,OVERLOAD_WARNING
2026-06-09 19:40:51,231.61,13.539,3135.81,0.0,0.0,OVERLOAD_WARNING
2026-06-09 19:40:52,227.87,1.726,393.4,0.0001,0.0,NORMAL
2026-06-09 19:40:53,230.44,14.16,3263.02,0.001,0.01,OVERLOAD_WARNING
2026-06-09 19:40:54,228.73,14.27,3263.89,0.002,0.01,OVERLOAD_WARNING
2026-06-09 19:40:55,226.92,10.981,2491.86,0.0026,0.02,NORMAL
2026-06-09 19:40:56,227.19,13.943,3167.78,0.0035,0.03,OVERLOAD_WARNING
2026-06-09 19:40:57,228.61,16.837,3848.95,0.0046,0.03,OVERLOAD_WARNING
2026-06-09 19:40:58,233.39,10.217,2384.69,0.0053,0.04,NORMAL
2026-06-09 19:40:59,227.88,17.402,3965.56,0.0064,0.05,OVERLOAD_WARNING
2026-06-09 19:41:00,230.33,1.892,435.76,0.0065,0.05,NORMAL
2026-06-09 19:41:01,230.23,1.759,405.07,0.0066,0.05,NORMAL
2026-06-09 19:41:02,230.49,17.085,3938.11,0.0077,0.06,OVERLOAD_WARNING
2026-06-09 19:41:03,226.5,17.348,3929.39,0.0089,0.07,OVERLOAD_WARNING
2026-06-09 19:41:04,229.5,2.041,468.5,0.009,0.07,NORMAL
2026-06-09 19:41:05,232.38,13.66,3174.44,0.0099,0.07,OVERLOAD_WARNING
2026-06-09 19:41:06,227.93,2.177,496.17,0.01,0.08,NORMAL
2026-06-09 19:41:07,233.06,17.629,4108.46,0.0112,0.08,OVERLOAD_WARNING
2026-06-09 19:41:08,231.29,2.003,463.19,0.0113,0.08,NORMAL
2026-06-09 19:41:09,231.06,16.708,3860.65,0.0124,0.09,OVERLOAD_WARNING
2026-06-09 19:41:10,230.37,9.811,2260.1,0.013,0.1,NORMAL
2026-06-09 19:41:11,227.89,13.673,3116.0,0.0139,0.1,OVERLOAD_WARNING
2026-06-09 19:41:12,231.52,2.5,578.77,0.014,0.11,NORMAL
2026-06-09 19:41:13,229.3,16.662,3820.55,0.0151,0.11,OVERLOAD_WARNING
2026-06-09 19:41:14,227.22,1.937,440.16,0.0152,0.11,NORMAL
2026-06-09 19:41:15,229.2,16.667,3820.14,0.0163,0.12,OVERLOAD_WARNING
2026-06-09 19:41:16,228.67,17.086,3906.98,0.0174,0.13,OVERLOAD_WARNING
2026-06-09 19:41:17,232.96,10.998,2562.15,0.0181,0.14,NORMAL
2026-06-09 19:41:18,230.88,14.379,3319.77,0.019,0.14,OVERLOAD_WARNING
2026-06-09 19:41:19,230.52,1.956,450.89,0.0192,0.14,NORMAL
2026-06-09 19:41:20,231.25,17.388,4020.83,0.0203,0.15,OVERLOAD_WARNING
2026-06-09 19:41:21,227.64,13.42,3054.92,0.0211,0.16,OVERLOAD_WARNING
2026-06-09 19:41:22,231.75,13.542,3138.43,0.022,0.17,OVERLOAD_WARNING
2026-06-09 19:41:23,226.66,1.638,371.25,0.0221,0.17,NORMAL
2026-06-09 19:41:24,233.81,2.344,548.01,0.0223,0.17,NORMAL
2026-06-09 19:41:25,233.46,17.761,4146.5,0.0234,0.18,OVERLOAD_WARNING
2026-06-09 19:41:26,233.49,2.151,502.12,0.0236,0.18,NORMAL
2026-06-09 19:41:27,231.67,17.416,4034.74,0.0247,0.19,OVERLOAD_WARNING
2026-06-09 19:41:28,228.11,13.343,3043.77,0.0256,0.19,OVERLOAD_WARNING
2026-06-09 19:41:29,226.78,16.637,3772.93,0.0266,0.2,OVERLOAD_WARNING
2026-06-09 19:41:30,226.27,13.494,3053.32,0.0275,0.21,OVERLOAD_WARNING
2026-06-09 19:41:31,230.03,13.237,3044.98,0.0283,0.21,OVERLOAD_WARNING
2026-06-09 19:41:33,228.21,2.054,468.77,0.0285,0.21,NORMAL
2026-06-09 19:41:34,229.86,17.24,3962.75,0.0296,0.22,OVERLOAD_WARNING
2026-06-09 19:41:35,226.48,1.785,404.26,0.0297,0.22,NORMAL
2026-06-09 19:41:36,226.85,2.204,499.97,0.0298,0.22,NORMAL
2026-06-09 19:41:37,228.01,14.353,3272.58,0.0308,0.23,OVERLOAD_WARNING
2026-06-09 19:41:38,228.57,13.66,3122.31,0.0316,0.24,OVERLOAD_WARNING
2026-06-09 19:41:39,227.05,1.499,340.41,0.0317,0.24,NORMAL
2026-06-09 19:41:40,231.38,17.049,3944.78,0.0328,0.25,OVERLOAD_WARNING
2026-06-09 19:41:41,226.11,9.879,2233.66,0.0335,0.25,NORMAL
2026-06-09 19:41:42,229.7,14.43,3314.46,0.0344,0.26,OVERLOAD_WARNING
2026-06-09 19:41:43,228.95,10.055,2302.17,0.035,0.26,NORMAL
2026-06-09 19:41:44,231.08,17.227,3980.81,0.0361,0.27,OVERLOAD_WARNING
2026-06-09 19:41:45,229.97,9.947,2287.38,0.0368,0.28,NORMAL
2026-06-09 19:41:46,226.29,16.711,3781.59,0.0379,0.28,OVERLOAD_WARNING
2026-06-09 19:41:47,228.81,1.441,329.82,0.0379,0.28,NORMAL
2026-06-09 19:41:48,229.62,10.838,2488.73,0.0386,0.29,NORMAL
2026-06-09 19:41:49,226.81,2.105,477.54,0.0388,0.29,NORMAL
2026-06-09 19:41:50,232.53,16.832,3914.05,0.0399,0.3,OVERLOAD_WARNING
2026-06-09 19:41:51,228.95,1.293,295.94,0.0399,0.3,NORMAL
2026-06-09 19:41:52,233.24,10.944,2552.64,0.0407,0.3,NORMAL
2026-06-09 19:41:53,227.27,17.899,4067.87,0.0418,0.31,OVERLOAD_WARNING
2026-06-09 19:41:54,230.77,17.447,4026.3,0.0429,0.32,OVERLOAD_WARNING
2026-06-09 19:41:55,230.69,17.694,4081.89,0.0441,0.33,OVERLOAD_WARNING
2026-06-09 19:41:56,231.27,17.656,4083.35,0.0452,0.34,OVERLOAD_WARNING
2026-06-09 19:41:57,230.17,13.593,3128.78,0.0461,0.35,OVERLOAD_WARNING
2026-06-09 19:41:58,232.74,2.438,567.31,0.0463,0.35,NORMAL
2026-06-09 19:41:59,231.76,10.817,2506.85,0.047,0.35,NORMAL
2026-06-09 19:42:00,228.85,14.031,3211.07,0.0479,0.36,OVERLOAD_WARNING
2026-06-09 19:42:01,232.56,1.716,399.08,0.048,0.36,NORMAL
2026-06-09 19:42:02,229.94,10.312,2371.16,0.0486,0.36,NORMAL
2026-06-09 19:42:03,227.03,2.496,566.78,0.0488,0.37,NORMAL
2026-06-09 19:42:04,233.44,17.486,4081.93,0.0499,0.37,OVERLOAD_WARNING
2026-06-09 19:42:05,230.2,17.414,4008.71,0.0511,0.38,OVERLOAD_WARNING
2026-06-09 19:42:06,228.82,14.251,3260.94,0.052,0.39,OVERLOAD_WARNING
2026-06-09 19:42:07,232.95,10.437,2431.32,0.0527,0.39,NORMAL
2026-06-09 19:42:08,230.95,13.798,3186.67,0.0535,0.4,OVERLOAD_WARNING
2026-06-09 19:42:09,227.0,1.504,341.31,0.0536,0.4,NORMAL
2026-06-09 19:42:10,233.57,14.331,3347.39,0.0546,0.41,OVERLOAD_WARNING
2026-06-09 19:42:11,230.66,14.436,3329.67,0.0555,0.42,OVERLOAD_WARNING
2026-06-09 19:42:12,227.71,1.517,345.43,0.0556,0.42,NORMAL
2026-06-09 19:42:13,231.09,1.513,349.72,0.0557,0.42,NORMAL
2026-06-09 19:42:14,228.57,2.382,544.42,0.0559,0.42,NORMAL
2026-06-09 19:42:15,230.82,2.358,544.2,0.056,0.42,NORMAL
2026-06-09 19:42:16,227.21,13.539,3076.07,0.0569,0.43,OVERLOAD_WARNING
2026-06-09 19:42:17,232.01,17.357,4026.86,0.058,0.43,OVERLOAD_WARNING
2026-06-09 19:42:18,226.57,14.29,3237.62,0.0589,0.44,OVERLOAD_WARNING
2026-06-09 19:42:19,226.97,16.842,3822.63,0.06,0.45,OVERLOAD_WARNING
2026-06-09 19:42:20,228.27,10.193,2326.68,0.0606,0.45,NORMAL
2026-06-09 19:42:21,230.72,1.877,432.99,0.0608,0.46,NORMAL
2026-06-09 19:42:22,233.15,1.775,413.75,0.0609,0.46,NORMAL
2026-06-09 19:42:23,232.5,2.336,543.04,0.061,0.46,NORMAL
2026-06-09 19:42:24,230.03,1.42,326.67,0.0611,0.46,NORMAL
2026-06-09 19:42:25,231.54,9.801,2269.39,0.0618,0.46,NORMAL
2026-06-09 19:42:26,231.3,13.826,3197.85,0.0626,0.47,OVERLOAD_WARNING
2026-06-09 19:42:27,230.95,14.186,3276.27,0.0636,0.48,OVERLOAD_WARNING
2026-06-09 19:42:28,227.72,1.79,407.57,0.0637,0.48,NORMAL
2026-06-09 19:42:29,229.85,10.943,2515.22,0.0644,0.48,NORMAL
2026-06-09 19:42:30,228.35,17.673,4035.67,0.0655,0.49,OVERLOAD_WARNING
2026-06-09 19:42:31,232.55,17.657,4106.13,0.0667,0.5,OVERLOAD_WARNING
2026-06-09 19:42:32,226.86,17.299,3924.43,0.0678,0.51,OVERLOAD_WARNING
2026-06-09 19:42:33,228.7,10.865,2484.87,0.0685,0.51,NORMAL
2026-06-09 19:42:34,230.22,10.663,2454.88,0.0692,0.52,NORMAL
2026-06-09 19:42:35,226.06,1.281,289.58,0.0692,0.52,NORMAL
2026-06-09 19:42:36,228.02,10.217,2329.82,0.0699,0.52,NORMAL
2026-06-09 19:42:37,232.96,16.759,3904.06,0.071,0.53,OVERLOAD_WARNING
2026-06-09 19:42:38,227.32,2.092,475.61,0.0711,0.53,NORMAL
2026-06-09 19:42:39,233.44,16.716,3902.3,0.0722,0.54,OVERLOAD_WARNING
2026-06-09 19:42:40,226.83,17.751,4026.41,0.0734,0.55,OVERLOAD_WARNING
2026-06-09 19:42:41,231.47,1.562,361.49,0.0735,0.55,NORMAL
2026-06-09 19:42:42,230.7,17.671,4076.68,0.0746,0.56,OVERLOAD_WARNING
2026-06-09 19:42:43,232.43,1.8,418.41,0.0747,0.56,NORMAL
2026-06-09 19:42:44,233.23,17.153,4000.67,0.0758,0.57,OVERLOAD_WARNING
2026-06-09 19:42:45,230.9,13.685,3159.96,0.0767,0.58,OVERLOAD_WARNING
2026-06-09 19:42:46,227.65,13.976,3181.62,0.0776,0.58,OVERLOAD_WARNING
2026-06-09 19:42:47,230.61,17.159,3957.02,0.0787,0.59,OVERLOAD_WARNING
2026-06-09 19:42:48,233.0,1.988,463.2,0.0789,0.59,NORMAL
2026-06-09 19:42:49,227.98,10.349,2359.33,0.0795,0.6,NORMAL
2026-06-09 19:42:50,230.34,10.154,2338.89,0.0802,0.6,NORMAL
2026-06-09 19:42:51,232.57,17.167,3992.55,0.0813,0.61,OVERLOAD_WARNING
2026-06-09 19:42:52,229.52,10.42,2391.64,0.082,0.61,NORMAL
2026-06-09 19:42:53,227.49,17.265,3927.5,0.0831,0.62,OVERLOAD_WARNING
2026-06-09 19:42:54,233.27,16.9,3942.3,0.0842,0.63,OVERLOAD_WARNING
2026-06-09 19:42:55,232.9,1.24,288.79,0.0842,0.63,NORMAL
2026-06-09 19:42:56,229.37,9.737,2233.42,0.0849,0.64,NORMAL
2026-06-09 19:42:57,232.98,13.254,3088.05,0.0857,0.64,OVERLOAD_WARNING
2026-06-09 19:42:58,231.0,9.897,2286.28,0.0864,0.65,NORMAL
2026-06-09 19:42:59,229.21,2.154,493.73,0.0865,0.65,NORMAL
2026-06-09 19:43:00,226.92,9.968,2261.82,0.0872,0.65,NORMAL
2026-06-09 19:43:01,226.84,13.673,3101.59,0.088,0.66,OVERLOAD_WARNING
2026-06-09 19:43:02,227.52,13.232,3010.59,0.0889,0.67,OVERLOAD_WARNING
2026-06-09 19:43:03,226.59,10.468,2371.94,0.0896,0.67,NORMAL
2026-06-09 19:43:04,229.85,17.009,3909.4,0.0906,0.68,OVERLOAD_WARNING
2026-06-09 19:43:05,231.71,13.579,3146.31,0.0915,0.69,OVERLOAD_WARNING
2026-06-09 19:43:06,227.09,17.404,3952.42,0.0926,0.69,OVERLOAD_WARNING
2026-06-09 19:43:07,232.51,2.19,509.1,0.0928,0.7,NORMAL
2026-06-09 19:43:08,231.24,13.368,3091.2,0.0937,0.7,OVERLOAD_WARNING
2026-06-09 19:43:09,230.21,14.289,3289.57,0.0946,0.71,OVERLOAD_WARNING
2026-06-09 19:43:10,230.34,16.759,3860.24,0.0957,0.72,OVERLOAD_WARNING
2026-06-09 19:43:11,227.05,2.127,482.92,0.0958,0.72,NORMAL
2026-06-09 19:43:12,226.4,13.316,3014.66,0.0966,0.72,OVERLOAD_WARNING
2026-06-09 19:43:13,230.93,16.842,3889.23,0.0977,0.73,OVERLOAD_WARNING
2026-06-09 19:43:14,230.18,1.269,292.02,0.0978,0.73,NORMAL
2026-06-09 19:43:15,226.9,2.191,497.17,0.098,0.73,NORMAL
2026-06-09 19:43:16,230.73,14.091,3251.24,0.0989,0.74,OVERLOAD_WARNING
2026-06-09 19:43:17,227.94,1.718,391.7,0.099,0.74,NORMAL
2026-06-09 19:43:19,226.23,13.696,3098.47,0.0998,0.75,OVERLOAD_WARNING
2026-06-09 19:43:20,229.25,10.688,2450.26,0.1005,0.75,NORMAL
2026-06-09 19:43:21,228.41,13.974,3191.91,0.1014,0.76,OVERLOAD_WARNING
2026-06-09 19:43:22,228.17,10.406,2374.45,0.1021,0.77,NORMAL
2026-06-09 19:43:23,232.92,14.28,3326.06,0.103,0.77,OVERLOAD_WARNING
2026-06-09 19:43:24,226.12,1.524,344.67,0.1031,0.77,NORMAL
2026-06-09 19:43:25,230.99,10.072,2326.65,0.1038,0.78,NORMAL
2026-06-09 19:43:26,226.1,10.797,2441.27,0.1045,0.78,NORMAL
2026-06-09 19:43:27,227.48,2.265,515.35,0.1046,0.78,NORMAL
2026-06-09 19:43:28,231.94,13.354,3097.32,0.1055,0.79,OVERLOAD_WARNING
2026-06-09 19:43:29,228.51,10.242,2340.44,0.1061,0.8,NORMAL
2026-06-09 19:43:30,226.73,14.459,3278.25,0.107,0.8,OVERLOAD_WARNING
2026-06-09 19:43:31,233.15,2.137,498.24,0.1072,0.8,NORMAL
2026-06-09 19:43:32,230.45,13.747,3168.1,0.1081,0.81,OVERLOAD_WARNING
2026-06-09 19:43:33,227.8,13.746,3131.42,0.109,0.82,OVERLOAD_WARNING
2026-06-09 19:43:34,227.11,2.134,484.54,0.1091,0.82,NORMAL
2026-06-09 19:43:35,230.51,16.833,3880.05,0.1102,0.83,OVERLOAD_WARNING
2026-06-09 19:43:36,231.86,14.178,3287.25,0.1111,0.83,OVERLOAD_WARNING
2026-06-09 19:43:37,232.48,13.389,3112.75,0.112,0.84,OVERLOAD_WARNING
2026-06-09 19:43:38,232.02,16.894,3919.74,0.1131,0.85,OVERLOAD_WARNING
2026-06-09 19:43:39,230.95,17.277,3990.13,0.1142,0.86,OVERLOAD_WARNING
2026-06-09 19:43:40,228.41,17.265,3943.6,0.1153,0.86,OVERLOAD_WARNING
2026-06-09 19:43:41,228.05,2.259,515.16,0.1155,0.87,NORMAL
2026-06-09 19:43:42,231.36,10.643,2462.29,0.1162,0.87,NORMAL
2026-06-09 19:43:43,227.6,17.81,4053.58,0.1173,0.88,OVERLOAD_WARNING
2026-06-09 19:43:44,226.24,10.586,2394.9,0.118,0.88,NORMAL
2026-06-09 19:43:45,229.1,10.305,2360.81,0.1186,0.89,NORMAL
2026-06-09 19:43:46,229.78,14.239,3271.92,0.1195,0.9,OVERLOAD_WARNING
2026-06-09 19:43:47,227.61,10.52,2394.58,0.1202,0.9,NORMAL
2026-06-09 19:43:48,228.49,13.607,3109.11,0.1211,0.91,OVERLOAD_WARNING
2026-06-09 19:43:49,227.38,14.317,3255.31,0.122,0.91,OVERLOAD_WARNING
2026-06-09 19:43:50,227.21,1.711,388.75,0.1221,0.92,NORMAL
2026-06-09 19:43:51,229.41,10.169,2332.93,0.1227,0.92,NORMAL
2026-06-09 19:43:52,233.6,2.21,516.31,0.1229,0.92,NORMAL
2026-06-09 19:43:53,231.56,14.417,3338.3,0.1238,0.93,OVERLOAD_WARNING
2026-06-09 19:43:54,228.07,2.064,470.8,0.124,0.93,NORMAL
2026-06-09 19:43:55,227.66,2.117,481.92,0.1241,0.93,NORMAL
2026-06-09 19:43:56,233.02,13.865,3230.77,0.125,0.94,OVERLOAD_WARNING
2026-06-09 19:43:57,226.74,10.383,2354.33,0.1257,0.94,NORMAL
2026-06-09 19:43:58,232.36,13.736,3191.76,0.1266,0.95,OVERLOAD_WARNING
2026-06-09 19:43:59,233.78,13.934,3257.5,0.1275,0.96,OVERLOAD_WARNING
2026-06-09 19:44:00,231.77,13.581,3147.64,0.1284,0.96,OVERLOAD_WARNING
2026-06-09 19:44:01,226.11,2.304,521.08,0.1285,0.96,NORMAL
2026-06-09 19:44:02,229.54,10.004,2296.32,0.1291,0.97,NORMAL
2026-06-09 19:44:03,226.9,1.208,274.16,0.1292,0.97,NORMAL
2026-06-09 19:44:04,233.56,17.468,4079.67,0.1304,0.98,OVERLOAD_WARNING
2026-06-09 19:44:05,228.28,1.926,439.57,0.1305,0.98,NORMAL
2026-06-09 19:44:06,232.47,10.377,2412.41,0.1312,0.98,NORMAL
2026-06-09 19:44:07,230.77,17.484,4034.8,0.1323,0.99,OVERLOAD_WARNING
2026-06-09 19:44:08,229.03,13.363,3060.55,0.1332,1.0,OVERLOAD_WARNING
2026-06-09 19:44:09,232.69,1.517,353.07,0.1333,1.0,NORMAL
2026-06-09 19:44:10,230.6,1.626,374.92,0.1334,1.0,NORMAL
2026-06-09 19:44:11,229.68,1.753,402.55,0.1335,1.0,NORMAL
2026-06-09 19:44:12,233.4,9.786,2283.99,0.1341,1.01,NORMAL
2026-06-09 19:44:13,227.89,10.867,2476.51,0.1348,1.01,NORMAL
2026-06-09 19:44:14,230.67,9.706,2238.83,0.1354,1.02,NORMAL
2026-06-09 19:44:15,232.77,13.562,3156.72,0.1363,1.02,OVERLOAD_WARNING
2026-06-09 19:44:16,226.04,1.579,356.95,0.1364,1.02,NORMAL
2026-06-09 19:44:17,228.91,10.931,2502.35,0.1371,1.03,NORMAL
2026-06-09 19:44:18,229.5,2.02,463.67,0.1373,1.03,NORMAL
2026-06-09 19:44:19,232.72,14.376,3345.62,0.1382,1.04,OVERLOAD_WARNING
2026-06-09 19:44:20,227.58,17.703,4028.85,0.1393,1.04,OVERLOAD_WARNING
2026-06-09 19:44:21,227.74,10.502,2391.7,0.14,1.05,NORMAL
2026-06-09 19:44:22,228.1,14.462,3298.84,0.1409,1.06,OVERLOAD_WARNING
2026-06-09 19:44:23,227.11,10.301,2339.42,0.1416,1.06,NORMAL
2026-06-09 19:44:24,231.42,17.888,4139.66,0.1427,1.07,OVERLOAD_WARNING
2026-06-09 19:44:25,231.43,14.465,3347.65,0.1437,1.08,OVERLOAD_WARNING
2026-06-09 19:44:26,233.69,1.737,405.9,0.1438,1.08,NORMAL
2026-06-09 19:44:27,227.48,17.736,4034.52,0.1449,1.09,OVERLOAD_WARNING
2026-06-09 19:44:28,227.9,14.284,3255.33,0.1459,1.09,OVERLOAD_WARNING
2026-06-09 19:44:29,230.03,2.116,486.75,0.146,1.09,NORMAL
2026-06-09 19:44:30,226.55,1.307,296.06,0.1461,1.1,NORMAL
2026-06-09 19:44:31,227.55,17.481,3977.86,0.1472,1.1,OVERLOAD_WARNING
2026-06-09 19:44:32,229.61,9.897,2272.37,0.1478,1.11,NORMAL
2026-06-09 19:44:33,226.62,2.202,499.13,0.148,1.11,NORMAL
2026-06-09 19:44:34,229.95,13.661,3141.37,0.1488,1.12,OVERLOAD_WARNING
2026-06-09 19:44:35,229.1,2.294,525.53,0.149,1.12,NORMAL
2026-06-09 19:44:36,226.46,16.82,3809.07,0.15,1.13,OVERLOAD_WARNING
2026-06-09 19:44:37,229.64,2.391,549.03,0.1502,1.13,NORMAL
2026-06-09 19:44:38,227.4,17.636,4010.41,0.1513,1.13,OVERLOAD_WARNING
2026-06-09 19:44:39,228.25,9.733,2221.55,0.1519,1.14,NORMAL
2026-06-09 19:44:43,228.19,13.618,3107.48,0.0,0.0,OVERLOAD_WARNING
2026-06-09 19:44:44,232.71,1.679,390.63,0.0001,0.0,NORMAL
2026-06-09 19:44:45,226.6,1.772,401.65,0.0002,0.0,NORMAL
2026-06-09 19:44:46,228.99,13.911,3185.51,0.0011,0.01,OVERLOAD_WARNING
2026-06-09 19:44:47,233.86,13.252,3099.16,0.002,0.01,OVERLOAD_WARNING
2026-06-09 19:44:48,231.91,10.456,2424.79,0.0027,0.02,NORMAL
2026-06-09 19:44:49,229.81,1.625,373.41,0.0028,0.02,NORMAL
2026-06-09 19:44:50,229.35,13.457,3086.25,0.0036,0.03,OVERLOAD_WARNING
2026-06-09 19:44:51,228.12,10.107,2305.46,0.0043,0.03,NORMAL
2026-06-09 19:44:52,232.27,9.77,2269.33,0.0049,0.04,NORMAL
2026-06-09 19:44:53,230.27,1.72,396.03,0.005,0.04,NORMAL
2026-06-09 19:44:54,228.96,13.402,3068.4,0.0059,0.04,OVERLOAD_WARNING
2026-06-09 19:44:55,231.33,13.294,3075.34,0.0068,0.05,OVERLOAD_WARNING
2026-06-09 19:44:56,230.47,1.888,435.06,0.0069,0.05,NORMAL
2026-06-09 19:44:57,233.42,17.393,4059.95,0.008,0.06,OVERLOAD_WARNING
2026-06-09 19:44:58,231.89,1.909,442.68,0.0081,0.06,NORMAL
2026-06-09 19:45:00,230.79,2.374,547.81,0.0083,0.06,NORMAL
2026-06-09 19:45:01,232.97,17.544,4087.36,0.0094,0.07,OVERLOAD_WARNING
2026-06-09 19:45:02,233.04,16.653,3880.9,0.0105,0.08,OVERLOAD_WARNING
2026-06-09 19:45:03,228.59,14.222,3250.96,0.0114,0.09,OVERLOAD_WARNING
2026-06-09 19:45:04,232.59,14.192,3300.86,0.0124,0.09,OVERLOAD_WARNING
2026-06-09 19:45:05,226.82,1.246,282.62,0.0124,0.09,NORMAL
2026-06-09 19:45:06,232.36,2.447,568.56,0.0126,0.09,NORMAL
2026-06-09 19:45:07,226.6,9.859,2234.09,0.0132,0.1,NORMAL
2026-06-09 19:45:08,228.9,17.38,3978.36,0.0143,0.11,OVERLOAD_WARNING
2026-06-09 19:45:09,230.85,1.863,430.1,0.0145,0.11,NORMAL
2026-06-09 19:45:10,227.14,14.299,3247.94,0.0154,0.12,OVERLOAD_WARNING
2026-06-09 19:45:11,227.58,14.448,3287.9,0.0163,0.12,OVERLOAD_WARNING
2026-06-09 19:45:12,228.78,14.435,3302.43,0.0172,0.13,OVERLOAD_WARNING
2026-06-09 19:45:13,233.61,17.347,4052.47,0.0183,0.14,OVERLOAD_WARNING
2026-06-09 19:45:14,232.7,2.478,576.59,0.0185,0.14,NORMAL
2026-06-09 19:45:15,230.16,9.752,2244.49,0.0191,0.14,NORMAL
2026-06-09 19:45:16,231.95,1.207,280.06,0.0192,0.14,NORMAL
2026-06-09 19:45:17,228.65,17.72,4051.65,0.0204,0.15,OVERLOAD_WARNING
2026-06-09 19:45:18,228.21,10.719,2446.15,0.021,0.16,NORMAL
2026-06-09 19:45:19,232.79,10.678,2485.68,0.0217,0.16,NORMAL
2026-06-09 19:45:20,230.91,14.356,3314.88,0.0227,0.17,OVERLOAD_WARNING
2026-06-09 19:45:21,226.69,17.105,3877.44,0.0237,0.18,OVERLOAD_WARNING
2026-06-09 19:45:22,226.47,13.298,3011.68,0.0246,0.18,OVERLOAD_WARNING
2026-06-09 19:45:23,227.7,10.703,2437.03,0.0253,0.19,NORMAL
2026-06-09 19:45:24,232.67,16.762,3899.93,0.0264,0.2,OVERLOAD_WARNING
2026-06-09 19:45:25,228.58,13.709,3133.53,0.0272,0.2,OVERLOAD_WARNING
2026-06-09 19:45:26,230.02,14.233,3273.81,0.0282,0.21,OVERLOAD_WARNING
2026-06-09 19:45:27,231.06,2.069,478.09,0.0283,0.21,NORMAL
2026-06-09 19:45:28,228.18,17.863,4076.06,0.0294,0.22,OVERLOAD_WARNING
2026-06-09 19:45:29,227.63,10.217,2325.81,0.0301,0.23,NORMAL
2026-06-09 19:45:30,233.42,16.937,3953.49,0.0312,0.23,OVERLOAD_WARNING
2026-06-09 19:45:31,231.15,17.473,4038.88,0.0323,0.24,OVERLOAD_WARNING
2026-06-09 19:45:32,231.41,16.715,3867.95,0.0334,0.25,OVERLOAD_WARNING
2026-06-09 19:45:33,229.87,9.777,2247.35,0.0341,0.26,NORMAL
2026-06-09 19:45:34,228.4,14.062,3211.76,0.035,0.26,OVERLOAD_WARNING
2026-06-09 19:45:35,227.11,2.395,543.99,0.0351,0.26,NORMAL
2026-06-09 19:45:36,227.3,2.185,496.67,0.0353,0.26,NORMAL
2026-06-09 19:45:37,229.15,13.356,3060.52,0.0361,0.27,OVERLOAD_WARNING
2026-06-09 19:45:38,227.0,14.099,3200.37,0.037,0.28,OVERLOAD_WARNING
2026-06-09 19:45:39,230.86,16.931,3908.6,0.0381,0.29,OVERLOAD_WARNING
2026-06-09 19:45:40,226.68,10.801,2448.31,0.0388,0.29,NORMAL
2026-06-09 19:45:41,232.61,16.97,3947.44,0.0399,0.3,OVERLOAD_WARNING
2026-06-09 19:45:42,226.78,13.369,3031.86,0.0408,0.31,OVERLOAD_WARNING
2026-06-09 19:45:43,230.89,16.949,3913.43,0.0419,0.31,OVERLOAD_WARNING
2026-06-09 19:45:44,232.73,1.255,292.09,0.0419,0.31,NORMAL
2026-06-09 19:45:45,230.64,1.587,366.09,0.042,0.32,NORMAL
2026-06-09 19:45:46,229.08,14.38,3294.03,0.043,0.32,OVERLOAD_WARNING
2026-06-09 19:45:47,229.58,17.453,4006.85,0.0441,0.33,OVERLOAD_WARNING
2026-06-09 19:45:48,231.58,2.052,475.24,0.0442,0.33,NORMAL
2026-06-09 19:45:49,228.29,10.799,2465.2,0.0449,0.34,NORMAL
2026-06-09 19:45:50,227.23,1.558,354.07,0.045,0.34,NORMAL
2026-06-09 19:45:51,230.64,13.211,3046.98,0.0459,0.34,OVERLOAD_WARNING
2026-06-09 19:45:52,230.3,17.896,4121.54,0.047,0.35,OVERLOAD_WARNING
2026-06-09 19:45:53,232.14,17.759,4122.51,0.0482,0.36,OVERLOAD_WARNING
2026-06-09 19:45:54,228.91,2.291,524.49,0.0484,0.36,NORMAL
2026-06-09 19:45:55,226.16,16.966,3837.01,0.0494,0.37,OVERLOAD_WARNING
2026-06-09 19:45:56,227.11,17.588,3994.35,0.0505,0.38,OVERLOAD_WARNING
2026-06-09 19:45:57,227.86,10.378,2364.8,0.0512,0.38,NORMAL
2026-06-09 19:45:58,227.94,1.354,308.72,0.0513,0.38,NORMAL
2026-06-09 19:45:59,230.1,2.332,536.58,0.0514,0.39,NORMAL
2026-06-09 19:46:00,227.84,14.087,3209.55,0.0523,0.39,OVERLOAD_WARNING
2026-06-09 19:46:01,233.19,13.758,3208.27,0.0532,0.4,OVERLOAD_WARNING
2026-06-09 19:46:02,227.88,10.623,2420.65,0.0539,0.4,NORMAL
2026-06-09 19:46:03,226.82,2.172,492.68,0.0541,0.41,NORMAL
2026-06-09 19:46:04,227.12,13.692,3109.73,0.0549,0.41,OVERLOAD_WARNING
2026-06-09 19:46:05,228.45,10.748,2455.45,0.0556,0.42,NORMAL
2026-06-09 19:46:06,227.12,10.647,2418.13,0.0563,0.42,NORMAL
2026-06-09 19:46:07,232.67,1.993,463.59,0.0564,0.42,NORMAL
2026-06-09 19:46:08,230.01,17.592,4046.46,0.0576,0.43,OVERLOAD_WARNING
2026-06-09 19:46:09,227.34,14.038,3191.41,0.0585,0.44,OVERLOAD_WARNING
2026-06-09 19:46:10,233.82,13.337,3118.46,0.0593,0.45,OVERLOAD_WARNING
2026-06-09 19:46:11,230.77,1.607,370.94,0.0594,0.45,NORMAL
2026-06-09 19:46:12,228.04,13.941,3179.14,0.0603,0.45,OVERLOAD_WARNING
2026-06-09 19:46:13,232.99,17.652,4112.65,0.0615,0.46,OVERLOAD_WARNING
2026-06-09 19:46:14,226.21,13.804,3122.56,0.0624,0.47,OVERLOAD_WARNING
2026-06-09 19:46:15,232.87,2.388,556.12,0.0625,0.47,NORMAL
2026-06-09 19:46:16,228.83,10.084,2307.61,0.0632,0.47,NORMAL
2026-06-09 19:46:17,230.99,17.595,4064.1,0.0643,0.48,OVERLOAD_WARNING
2026-06-09 19:46:18,228.74,16.776,3837.45,0.0654,0.49,OVERLOAD_WARNING
2026-06-09 19:46:19,227.82,16.621,3786.65,0.0664,0.5,OVERLOAD_WARNING
2026-06-09 19:46:20,226.74,17.122,3882.24,0.0675,0.51,OVERLOAD_WARNING
2026-06-09 19:46:21,227.81,17.695,4031.18,0.0687,0.52,OVERLOAD_WARNING
2026-06-09 19:46:22,227.49,1.703,387.33,0.0688,0.52,NORMAL
2026-06-09 19:46:23,226.85,17.68,4010.81,0.0699,0.52,OVERLOAD_WARNING
2026-06-09 19:46:24,229.31,10.935,2507.39,0.0706,0.53,NORMAL
2026-06-09 19:46:25,226.61,13.471,3052.68,0.0715,0.54,OVERLOAD_WARNING
2026-06-09 19:46:26,232.7,13.246,3082.21,0.0723,0.54,OVERLOAD_WARNING
2026-06-09 19:46:27,230.89,10.97,2532.75,0.073,0.55,NORMAL
2026-06-09 19:46:28,229.17,14.32,3281.62,0.074,0.55,OVERLOAD_WARNING
2026-06-09 19:46:29,228.34,1.666,380.53,0.0741,0.56,NORMAL
2026-06-09 19:46:30,233.17,16.664,3885.64,0.0752,0.56,OVERLOAD_WARNING
2026-06-09 19:46:31,226.36,13.247,2998.62,0.076,0.57,NORMAL
2026-06-09 19:46:33,226.57,1.415,320.71,0.0761,0.57,NORMAL
2026-06-09 19:46:34,230.9,16.872,3895.75,0.0772,0.58,OVERLOAD_WARNING
2026-06-09 19:46:35,230.57,17.876,4121.57,0.0783,0.59,OVERLOAD_WARNING
2026-06-09 19:46:36,228.89,17.451,3994.38,0.0795,0.6,OVERLOAD_WARNING
2026-06-09 19:46:37,227.01,14.246,3233.93,0.0804,0.6,OVERLOAD_WARNING
2026-06-09 19:46:38,230.94,14.238,3288.1,0.0813,0.61,OVERLOAD_WARNING
2026-06-09 19:46:39,233.33,2.475,577.43,0.0815,0.61,NORMAL
2026-06-09 19:46:40,227.9,10.822,2466.39,0.0822,0.62,NORMAL
2026-06-09 19:46:41,231.05,10.619,2453.38,0.0829,0.62,NORMAL
2026-06-09 19:46:42,231.41,14.188,3283.16,0.0838,0.63,OVERLOAD_WARNING
2026-06-09 19:46:43,227.35,9.99,2271.14,0.0844,0.63,NORMAL
2026-06-09 19:46:44,226.75,14.318,3246.58,0.0853,0.64,OVERLOAD_WARNING
2026-06-09 19:46:45,228.28,9.741,2223.65,0.086,0.64,NORMAL
2026-06-09 19:46:46,232.09,1.974,458.2,0.0861,0.65,NORMAL
2026-06-09 19:46:47,232.65,10.346,2406.91,0.0868,0.65,NORMAL
2026-06-09 19:46:48,232.4,17.518,4071.25,0.0879,0.66,OVERLOAD_WARNING
2026-06-09 19:46:49,228.45,16.718,3819.24,0.089,0.67,OVERLOAD_WARNING
2026-06-09 19:46:50,226.49,1.477,334.56,0.0891,0.67,NORMAL
2026-06-09 19:46:51,228.93,2.328,533.03,0.0892,0.67,NORMAL
2026-06-09 19:46:52,232.7,14.11,3283.37,0.0902,0.68,OVERLOAD_WARNING
2026-06-09 19:46:53,226.99,17.711,4020.33,0.0913,0.68,OVERLOAD_WARNING
2026-06-09 19:46:54,232.03,2.033,471.62,0.0914,0.69,NORMAL
2026-06-09 19:46:55,227.2,13.729,3119.1,0.0923,0.69,OVERLOAD_WARNING
2026-06-09 19:46:56,233.76,1.296,302.85,0.0924,0.69,NORMAL
2026-06-09 19:46:57,231.31,1.224,283.22,0.0925,0.69,NORMAL
2026-06-09 19:46:58,228.12,13.636,3110.58,0.0933,0.7,OVERLOAD_WARNING
2026-06-09 19:46:59,231.52,17.164,3973.86,0.0944,0.71,OVERLOAD_WARNING
2026-06-09 19:47:00,227.36,10.403,2365.22,0.0951,0.71,NORMAL
2026-06-09 19:47:01,232.27,14.346,3332.19,0.096,0.72,OVERLOAD_WARNING
2026-06-09 19:47:02,228.56,2.398,548.13,0.0962,0.72,NORMAL
2026-06-09 19:47:03,226.63,1.651,374.23,0.0963,0.72,NORMAL
2026-06-09 19:47:04,230.58,13.741,3168.38,0.0972,0.73,OVERLOAD_WARNING
2026-06-09 19:47:05,226.57,10.534,2386.6,0.0978,0.73,NORMAL
2026-06-09 19:47:06,233.7,17.739,4145.57,0.099,0.74,OVERLOAD_WARNING
2026-06-09 19:47:07,226.93,17.326,3931.65,0.1001,0.75,OVERLOAD_WARNING
2026-06-09 19:47:08,230.18,17.607,4052.84,0.1013,0.76,OVERLOAD_WARNING
2026-06-09 19:47:09,231.15,17.895,4136.39,0.1024,0.77,OVERLOAD_WARNING
2026-06-09 19:47:10,231.7,13.976,3238.25,0.1033,0.77,OVERLOAD_WARNING
2026-06-09 19:47:11,230.26,1.551,357.23,0.1034,0.78,NORMAL
2026-06-09 19:47:12,226.7,10.106,2290.89,0.1041,0.78,NORMAL
2026-06-09 19:47:13,227.2,10.368,2355.56,0.1047,0.79,NORMAL
2026-06-09 19:47:14,230.19,17.384,4001.69,0.1058,0.79,OVERLOAD_WARNING
2026-06-09 19:47:15,230.02,13.423,3087.54,0.1067,0.8,OVERLOAD_WARNING
2026-06-09 19:47:16,231.41,17.5,4049.5,0.1078,0.81,OVERLOAD_WARNING
2026-06-09 19:47:17,227.18,10.835,2461.58,0.1085,0.81,NORMAL
2026-06-09 19:47:18,233.16,9.723,2267.04,0.1092,0.82,NORMAL
2026-06-09 19:47:19,227.75,2.439,555.55,0.1093,0.82,NORMAL
2026-06-09 19:47:20,229.98,9.978,2294.84,0.11,0.82,NORMAL
2026-06-09 19:47:21,228.95,17.541,4015.93,0.1111,0.83,OVERLOAD_WARNING
2026-06-09 19:47:22,232.3,17.728,4118.21,0.1123,0.84,OVERLOAD_WARNING
2026-06-09 19:47:23,230.54,2.052,473.08,0.1124,0.84,NORMAL
2026-06-09 19:47:24,229.21,16.762,3841.96,0.1135,0.85,OVERLOAD_WARNING
2026-06-09 19:47:25,227.59,10.377,2361.72,0.1141,0.86,NORMAL
2026-06-09 19:47:26,227.95,2.273,518.21,0.1143,0.86,NORMAL
2026-06-09 19:47:27,232.34,10.764,2500.82,0.115,0.86,NORMAL
2026-06-09 19:47:28,232.95,10.596,2468.3,0.1157,0.87,NORMAL
2026-06-09 19:47:29,228.44,13.221,3020.25,0.1165,0.87,OVERLOAD_WARNING
2026-06-09 19:47:30,231.76,17.24,3995.52,0.1176,0.88,OVERLOAD_WARNING
2026-06-09 19:47:31,228.34,17.414,3976.19,0.1188,0.89,OVERLOAD_WARNING
2026-06-09 19:47:32,232.9,1.602,373.07,0.1189,0.89,NORMAL
2026-06-09 19:47:33,226.79,14.152,3209.58,0.1198,0.9,OVERLOAD_WARNING
2026-06-09 19:47:34,231.87,1.926,446.68,0.1199,0.9,NORMAL
2026-06-09 19:47:35,231.86,2.252,522.1,0.12,0.9,NORMAL
2026-06-09 19:47:36,227.8,1.583,360.53,0.1201,0.9,NORMAL
2026-06-09 19:47:37,233.52,17.12,3997.74,0.1213,0.91,OVERLOAD_WARNING
2026-06-09 19:47:38,227.81,9.963,2269.55,0.1219,0.91,NORMAL
2026-06-09 19:47:39,231.42,1.884,435.92,0.122,0.92,NORMAL
2026-06-09 19:47:40,232.45,10.359,2408.03,0.1227,0.92,NORMAL
2026-06-09 19:47:41,227.92,2.367,539.37,0.1228,0.92,NORMAL
2026-06-09 19:47:42,230.97,2.438,563.05,0.123,0.92,NORMAL
2026-06-09 19:47:43,232.97,1.324,308.54,0.1231,0.92,NORMAL
2026-06-09 19:47:44,227.14,13.459,3057.1,0.1239,0.93,OVERLOAD_WARNING
2026-06-09 19:47:45,233.93,14.286,3341.76,0.1249,0.94,OVERLOAD_WARNING
2026-06-09 19:47:46,226.25,10.519,2379.87,0.1256,0.94,NORMAL
2026-06-09 19:47:47,230.27,10.693,2462.25,0.1262,0.95,NORMAL
2026-06-09 19:47:48,228.77,14.254,3261.04,0.1272,0.95,OVERLOAD_WARNING
2026-06-09 19:47:49,227.24,1.589,361.05,0.1273,0.95,NORMAL
2026-06-09 19:47:50,233.77,2.176,508.75,0.1274,0.96,NORMAL
2026-06-09 19:47:51,230.23,13.261,3053.04,0.1283,0.96,OVERLOAD_WARNING
2026-06-09 19:47:52,228.0,1.589,362.3,0.1284,0.96,NORMAL
2026-06-09 19:47:53,230.61,17.539,4044.63,0.1295,0.97,OVERLOAD_WARNING
2026-06-09 19:47:54,226.21,2.162,488.95,0.1296,0.97,NORMAL
2026-06-09 19:47:55,231.15,17.161,3966.71,0.1308,0.98,OVERLOAD_WARNING
2026-06-09 19:47:56,230.24,13.289,3059.58,0.1316,0.99,OVERLOAD_WARNING
2026-06-09 19:47:57,233.32,9.933,2317.66,0.1323,0.99,NORMAL
2026-06-09 19:47:58,230.07,10.159,2337.36,0.1329,1.0,NORMAL
2026-06-09 19:47:59,232.46,14.157,3290.96,0.1338,1.0,OVERLOAD_WARNING
2026-06-09 19:48:00,233.41,13.878,3239.24,0.1347,1.01,OVERLOAD_WARNING
2026-06-09 19:48:01,231.0,2.455,567.09,0.1349,1.01,NORMAL
2026-06-09 19:48:02,229.56,2.168,497.6,0.135,1.01,NORMAL
2026-06-09 19:48:03,230.8,10.483,2419.51,0.1357,1.02,NORMAL
2026-06-09 19:48:04,228.63,13.735,3140.39,0.1366,1.02,OVERLOAD_WARNING
2026-06-09 19:48:05,227.34,14.291,3248.92,0.1375,1.03,OVERLOAD_WARNING
2026-06-09 19:48:06,226.15,13.6,3075.7,0.1384,1.04,OVERLOAD_WARNING
2026-06-09 19:48:07,228.02,13.776,3141.21,0.1393,1.04,OVERLOAD_WARNING
2026-06-09 19:48:08,232.3,13.676,3176.97,0.1402,1.05,OVERLOAD_WARNING
2026-06-09 19:48:09,226.59,14.039,3181.08,0.141,1.06,OVERLOAD_WARNING
2026-06-09 19:48:10,229.11,14.153,3242.56,0.142,1.06,OVERLOAD_WARNING
2026-06-09 19:48:12,230.02,13.769,3167.1,0.1428,1.07,OVERLOAD_WARNING
2026-06-09 19:48:13,232.65,14.179,3298.62,0.1438,1.08,OVERLOAD_WARNING
2026-06-09 19:48:14,231.92,9.886,2292.82,0.1444,1.08,NORMAL
2026-06-09 19:48:15,233.79,17.75,4149.69,0.1456,1.09,OVERLOAD_WARNING
2026-06-09 19:48:16,231.88,1.469,340.55,0.1457,1.09,NORMAL
2026-06-09 19:48:17,227.05,1.846,419.15,0.1458,1.09,NORMAL
2026-06-09 19:48:18,232.93,1.521,354.18,0.1459,1.09,NORMAL
2026-06-09 19:48:19,227.9,10.063,2293.4,0.1465,1.1,NORMAL
2026-06-09 19:48:20,231.6,10.717,2482.0,0.1472,1.1,NORMAL
2026-06-09 19:48:21,231.15,10.392,2402.1,0.1479,1.11,NORMAL
2026-06-09 19:48:22,228.98,2.346,537.11,0.1481,1.11,NORMAL
2026-06-09 19:48:23,233.29,14.453,3371.92,0.149,1.12,OVERLOAD_WARNING
2026-06-09 19:48:24,226.42,16.799,3803.49,0.1501,1.13,OVERLOAD_WARNING
2026-06-09 19:48:25,228.78,13.347,3053.62,0.1509,1.13,OVERLOAD_WARNING
2026-06-09 19:48:26,227.25,10.615,2412.2,0.1516,1.14,NORMAL
2026-06-09 19:48:27,233.31,13.892,3241.08,0.1525,1.14,OVERLOAD_WARNING
2026-06-09 19:48:28,233.88,9.846,2302.73,0.1532,1.15,NORMAL
2026-06-09 19:48:29,228.44,13.269,3031.18,0.154,1.16,OVERLOAD_WARNING
2026-06-09 19:48:30,227.92,2.062,470.02,0.1542,1.16,NORMAL
2026-06-09 19:48:31,227.72,10.921,2487.02,0.1549,1.16,NORMAL
2026-06-09 19:48:32,232.76,17.107,3981.86,0.156,1.17,OVERLOAD_WARNING
2026-06-09 19:48:33,232.32,14.183,3295.02,0.1569,1.18,OVERLOAD_WARNING
2026-06-09 19:48:34,232.87,17.282,4024.54,0.158,1.19,OVERLOAD_WARNING
2026-06-09 19:48:35,231.2,16.786,3880.78,0.1591,1.19,OVERLOAD_WARNING
2026-06-09 19:48:36,228.57,14.07,3215.85,0.16,1.2,OVERLOAD_WARNING
2026-06-09 19:48:37,232.62,2.16,502.4,0.1601,1.2,NORMAL
2026-06-09 19:48:38,226.93,10.222,2319.7,0.1608,1.21,NORMAL
2026-06-09 19:48:39,231.9,2.382,552.29,0.1609,1.21,NORMAL
2026-06-09 19:48:40,231.73,1.635,378.94,0.161,1.21,NORMAL
2026-06-09 19:48:41,229.94,16.912,3888.76,0.1621,1.22,OVERLOAD_WARNING
2026-06-09 19:48:42,228.26,16.96,3871.4,0.1632,1.22,OVERLOAD_WARNING
2026-06-09 19:48:43,230.67,16.788,3872.63,0.1643,1.23,OVERLOAD_WARNING
2026-06-09 19:48:44,233.33,17.047,3977.64,0.1654,1.24,OVERLOAD_WARNING
2026-06-09 19:48:45,227.16,1.296,294.34,0.1655,1.24,NORMAL
2026-06-09 19:48:46,231.31,17.583,4067.29,0.1666,1.25,OVERLOAD_WARNING
2026-06-09 19:48:47,230.22,1.962,451.58,0.1668,1.25,NORMAL
2026-06-09 19:48:48,227.21,10.519,2390.08,0.1674,1.26,NORMAL
2026-06-09 19:48:49,231.13,17.633,4075.68,0.1686,1.26,OVERLOAD_WARNING
2026-06-09 19:48:50,229.72,14.48,3326.37,0.1695,1.27,OVERLOAD_WARNING
2026-06-09 19:48:51,227.11,14.321,3252.33,0.1704,1.28,OVERLOAD_WARNING
2026-06-09 19:48:52,232.55,16.751,3895.45,0.1715,1.29,OVERLOAD_WARNING
2026-06-09 19:48:53,233.83,10.885,2545.33,0.1722,1.29,NORMAL
2026-06-09 19:48:54,233.07,13.379,3118.17,0.1731,1.3,OVERLOAD_WARNING
2026-06-09 19:48:55,228.27,10.296,2350.25,0.1738,1.3,NORMAL
2026-06-09 19:48:56,232.87,1.858,432.58,0.1739,1.3,NORMAL
2026-06-09 19:48:57,232.88,10.217,2379.38,0.1746,1.31,NORMAL
2026-06-09 19:48:58,232.7,2.399,558.21,0.1747,1.31,NORMAL
2026-06-09 19:49:03,230.6,2.493,574.8,0.0,0.0,NORMAL
2026-06-09 19:49:04,231.33,14.043,3248.47,0.0009,0.01,OVERLOAD_WARNING
2026-06-09 19:49:05,229.74,10.545,2422.48,0.0016,0.01,NORMAL
2026-06-09 19:49:06,231.33,13.608,3147.99,0.0025,0.02,OVERLOAD_WARNING
2026-06-09 19:49:07,231.65,10.786,2498.61,0.0032,0.02,NORMAL
2026-06-09 19:49:08,232.65,1.988,462.39,0.0033,0.02,NORMAL
2026-06-09 19:49:09,229.69,1.536,352.88,0.0034,0.03,NORMAL
2026-06-09 19:49:10,229.36,1.602,367.34,0.0035,0.03,NORMAL
2026-06-09 19:49:11,232.1,10.376,2408.39,0.0042,0.03,NORMAL
2026-06-09 19:49:12,229.83,17.775,4085.28,0.0053,0.04,OVERLOAD_WARNING
2026-06-09 19:49:13,233.77,10.847,2535.7,0.006,0.05,NORMAL
2026-06-09 19:49:14,230.2,9.916,2282.74,0.0067,0.05,NORMAL
2026-06-09 19:49:15,230.62,9.738,2245.7,0.0073,0.05,NORMAL
2026-06-09 19:49:16,233.71,10.667,2493.01,0.008,0.06,NORMAL
2026-06-09 19:49:17,227.97,2.46,560.84,0.0082,0.06,NORMAL
2026-06-09 19:49:18,226.58,17.885,4052.46,0.0093,0.07,OVERLOAD_WARNING
2026-06-09 19:49:19,232.54,17.701,4116.12,0.0104,0.08,OVERLOAD_WARNING
2026-06-09 19:49:20,227.34,14.199,3227.99,0.0113,0.09,OVERLOAD_WARNING
2026-06-09 19:49:21,229.62,2.202,505.68,0.0115,0.09,NORMAL
2026-06-09 19:49:22,232.26,14.254,3310.61,0.0124,0.09,OVERLOAD_WARNING
2026-06-09 19:49:23,226.74,10.16,2303.54,0.0131,0.1,NORMAL
2026-06-09 19:49:24,228.04,16.737,3816.55,0.0141,0.11,OVERLOAD_WARNING
2026-06-09 19:49:25,229.07,16.652,3814.46,0.0152,0.11,OVERLOAD_WARNING
2026-06-09 19:49:26,226.49,17.131,3879.87,0.0163,0.12,OVERLOAD_WARNING
2026-06-09 19:49:27,229.26,10.671,2446.42,0.0169,0.13,NORMAL
2026-06-09 19:49:28,233.8,14.144,3306.86,0.0179,0.13,OVERLOAD_WARNING
2026-06-09 19:49:29,226.34,1.375,311.25,0.018,0.13,NORMAL
2026-06-09 19:49:30,229.88,16.962,3899.2,0.019,0.14,OVERLOAD_WARNING
2026-06-09 19:49:31,230.13,14.446,3324.44,0.02,0.15,OVERLOAD_WARNING
2026-06-09 19:49:32,233.91,17.751,4152.12,0.0211,0.16,OVERLOAD_WARNING
2026-06-09 19:49:33,227.45,1.29,293.3,0.0212,0.16,NORMAL
2026-06-09 19:49:34,230.39,10.997,2533.49,0.0219,0.16,NORMAL
2026-06-09 19:49:35,227.59,1.539,350.22,0.022,0.17,NORMAL
2026-06-09 19:49:36,233.64,13.437,3139.37,0.0229,0.17,OVERLOAD_WARNING
2026-06-09 19:49:37,232.44,10.795,2509.27,0.0236,0.18,NORMAL
2026-06-09 19:49:38,231.69,10.264,2378.1,0.0243,0.18,NORMAL
2026-06-09 19:49:39,233.24,10.735,2503.77,0.025,0.19,NORMAL
2026-06-09 19:49:40,233.54,16.739,3909.27,0.0261,0.2,OVERLOAD_WARNING
2026-06-09 19:49:41,232.21,10.784,2504.24,0.0268,0.2,NORMAL
2026-06-09 19:49:42,233.97,1.559,364.79,0.0269,0.2,NORMAL
2026-06-09 19:49:43,232.36,10.665,2478.08,0.0276,0.21,NORMAL
2026-06-09 19:49:44,231.35,10.412,2408.72,0.0282,0.21,NORMAL
2026-06-09 19:49:45,228.71,1.937,442.95,0.0284,0.21,NORMAL
2026-06-09 19:49:46,231.4,14.03,3246.44,0.0293,0.22,OVERLOAD_WARNING
2026-06-09 19:49:47,230.94,2.041,471.43,0.0294,0.22,NORMAL
2026-06-09 19:49:48,232.53,10.471,2434.91,0.0301,0.23,NORMAL
2026-06-09 19:49:49,232.72,13.218,3075.93,0.0309,0.23,OVERLOAD_WARNING
2026-06-09 19:49:50,231.67,10.935,2533.4,0.0317,0.24,NORMAL
2026-06-09 19:49:51,229.85,1.624,373.29,0.0318,0.24,NORMAL
2026-06-09 19:49:52,232.57,13.325,3099.08,0.0326,0.24,OVERLOAD_WARNING
2026-06-09 19:49:53,228.41,16.6,3791.73,0.0337,0.25,OVERLOAD_WARNING
2026-06-09 19:49:54,233.13,13.844,3227.48,0.0346,0.26,OVERLOAD_WARNING
2026-06-09 19:49:56,226.79,2.204,499.75,0.0347,0.26,NORMAL
2026-06-09 19:49:57,226.91,9.951,2257.96,0.0354,0.27,NORMAL
2026-06-09 19:49:58,233.89,17.733,4147.53,0.0365,0.27,OVERLOAD_WARNING
2026-06-09 19:49:59,226.6,1.295,293.36,0.0366,0.27,NORMAL
2026-06-09 19:50:00,228.99,10.712,2452.91,0.0373,0.28,NORMAL
2026-06-09 19:50:01,233.62,10.36,2420.24,0.038,0.28,NORMAL
2026-06-09 19:50:02,229.38,16.966,3891.7,0.0391,0.29,OVERLOAD_WARNING
2026-06-09 19:50:03,228.88,14.133,3234.84,0.04,0.3,OVERLOAD_WARNING
2026-06-09 19:50:04,230.93,13.436,3102.86,0.0409,0.31,OVERLOAD_WARNING
2026-06-09 19:50:05,230.19,9.893,2277.32,0.0415,0.31,NORMAL
2026-06-09 19:50:06,229.66,17.347,3983.97,0.0426,0.32,OVERLOAD_WARNING
2026-06-09 19:50:07,231.95,10.901,2528.49,0.0433,0.32,NORMAL
2026-06-09 19:50:08,227.18,10.39,2360.42,0.044,0.33,NORMAL
2026-06-09 19:50:09,227.98,17.387,3964.03,0.0451,0.34,OVERLOAD_WARNING
2026-06-09 19:50:10,228.79,10.969,2509.46,0.0458,0.34,NORMAL
2026-06-09 19:50:11,232.82,17.367,4043.45,0.0469,0.35,OVERLOAD_WARNING
2026-06-09 19:50:12,233.66,1.721,402.15,0.047,0.35,NORMAL
2026-06-09 19:50:13,226.69,9.913,2247.14,0.0477,0.36,NORMAL
2026-06-09 19:50:14,233.66,1.986,464.1,0.0478,0.36,NORMAL
2026-06-09 19:50:15,227.19,2.375,539.68,0.0479,0.36,NORMAL
2026-06-09 19:50:16,228.56,9.706,2218.48,0.0486,0.36,NORMAL
2026-06-09 19:50:17,226.71,16.765,3800.87,0.0496,0.37,OVERLOAD_WARNING
2026-06-09 19:50:18,231.82,10.001,2318.53,0.0503,0.38,NORMAL
2026-06-09 19:50:19,233.24,10.419,2430.06,0.051,0.38,NORMAL
2026-06-09 19:50:20,232.8,1.202,279.83,0.051,0.38,NORMAL
2026-06-09 19:50:21,232.56,10.202,2372.53,0.0517,0.39,NORMAL
2026-06-09 19:50:22,232.36,2.293,532.86,0.0519,0.39,NORMAL
2026-06-09 19:50:23,227.5,13.83,3146.31,0.0527,0.4,OVERLOAD_WARNING
2026-06-09 19:50:24,226.22,9.8,2216.97,0.0534,0.4,NORMAL
2026-06-09 19:50:25,231.26,14.003,3238.24,0.0543,0.41,OVERLOAD_WARNING
2026-06-09 19:50:26,231.28,16.971,3925.04,0.0554,0.42,OVERLOAD_WARNING
2026-06-09 19:50:27,233.48,1.387,323.75,0.0555,0.42,NORMAL
2026-06-09 19:50:28,231.47,10.3,2384.04,0.0561,0.42,NORMAL
2026-06-09 19:50:29,228.64,9.727,2223.94,0.0567,0.43,NORMAL
2026-06-09 19:50:30,232.13,16.655,3866.01,0.0578,0.43,OVERLOAD_WARNING
2026-06-09 19:50:31,230.47,17.796,4101.51,0.059,0.44,OVERLOAD_WARNING
2026-06-09 19:50:32,226.45,17.728,4014.43,0.0601,0.45,OVERLOAD_WARNING
2026-06-09 19:50:33,231.67,14.18,3284.97,0.061,0.46,OVERLOAD_WARNING
2026-06-09 19:50:34,226.53,9.903,2243.42,0.0616,0.46,NORMAL
2026-06-09 19:50:35,233.57,1.333,311.34,0.0617,0.46,NORMAL
2026-06-09 19:50:36,230.34,13.588,3129.81,0.0626,0.47,OVERLOAD_WARNING
2026-06-09 19:50:37,230.91,14.108,3257.54,0.0635,0.48,OVERLOAD_WARNING
2026-06-09 19:50:38,227.02,13.34,3028.48,0.0644,0.48,OVERLOAD_WARNING
2026-06-09 19:50:39,226.81,1.529,346.89,0.0645,0.48,NORMAL
2026-06-09 19:50:40,232.43,10.799,2509.87,0.0652,0.49,NORMAL
2026-06-09 19:50:41,226.68,14.198,3218.42,0.0661,0.5,OVERLOAD_WARNING
2026-06-09 19:50:42,233.24,1.259,293.64,0.0661,0.5,NORMAL
2026-06-09 19:50:43,231.33,13.519,3127.29,0.067,0.5,OVERLOAD_WARNING
2026-06-09 19:50:44,226.64,1.279,289.79,0.0671,0.5,NORMAL
2026-06-09 19:50:45,233.47,17.35,4050.68,0.0682,0.51,OVERLOAD_WARNING
2026-06-09 19:50:46,233.05,1.969,458.87,0.0684,0.51,NORMAL
2026-06-09 19:50:47,231.86,10.789,2501.63,0.0691,0.52,NORMAL
2026-06-09 19:50:48,229.15,2.459,563.55,0.0692,0.52,NORMAL
2026-06-09 19:50:49,226.96,1.699,385.49,0.0693,0.52,NORMAL
2026-06-09 19:50:50,227.94,10.038,2287.96,0.07,0.52,NORMAL
2026-06-09 19:50:51,232.93,10.703,2493.16,0.0707,0.53,NORMAL
2026-06-09 19:50:52,227.39,17.377,3951.37,0.0718,0.54,OVERLOAD_WARNING
2026-06-09 19:50:53,229.1,1.374,314.74,0.0719,0.54,NORMAL
2026-06-09 19:50:54,232.06,17.608,4086.18,0.073,0.55,OVERLOAD_WARNING
2026-06-09 19:50:55,232.94,16.822,3918.53,0.0741,0.56,OVERLOAD_WARNING
2026-06-09 19:50:56,227.71,13.854,3154.75,0.075,0.56,OVERLOAD_WARNING
2026-06-09 19:50:57,230.89,10.996,2538.83,0.0757,0.57,NORMAL
2026-06-09 19:50:58,231.62,1.652,382.61,0.0758,0.57,NORMAL
2026-06-09 19:50:59,227.39,17.703,4025.51,0.077,0.58,OVERLOAD_WARNING
2026-06-09 19:51:00,230.31,13.97,3217.41,0.0779,0.58,OVERLOAD_WARNING
2026-06-09 19:51:01,230.26,10.299,2371.52,0.0785,0.59,NORMAL
2026-06-09 19:51:02,228.44,16.618,3796.25,0.0796,0.6,OVERLOAD_WARNING
2026-06-09 19:51:03,232.73,10.381,2415.83,0.0803,0.6,NORMAL
2026-06-09 19:51:04,232.2,2.318,538.22,0.0804,0.6,NORMAL
2026-06-09 19:51:05,233.24,1.7,396.56,0.0805,0.6,NORMAL
2026-06-09 19:51:06,232.83,13.297,3095.96,0.0814,0.61,OVERLOAD_WARNING
2026-06-09 19:51:07,229.05,17.697,4053.52,0.0825,0.62,OVERLOAD_WARNING
2026-06-09 19:51:08,231.72,10.068,2333.06,0.0832,0.62,NORMAL
2026-06-09 19:51:09,230.32,17.426,4013.59,0.0843,0.63,OVERLOAD_WARNING
2026-06-09 19:51:10,227.0,16.679,3785.99,0.0854,0.64,OVERLOAD_WARNING
2026-06-09 19:51:11,230.75,16.848,3887.69,0.0864,0.65,OVERLOAD_WARNING
2026-06-09 19:51:12,231.76,9.723,2253.28,0.0871,0.65,NORMAL
2026-06-09 19:51:13,226.55,17.395,3940.7,0.0882,0.66,OVERLOAD_WARNING
2026-06-09 19:51:14,226.25,17.375,3931.18,0.0893,0.67,OVERLOAD_WARNING
2026-06-09 19:51:15,229.65,10.552,2423.28,0.09,0.67,NORMAL
2026-06-09 19:51:16,232.28,10.941,2541.37,0.0907,0.68,NORMAL
2026-06-09 19:51:17,229.43,17.251,3957.82,0.0918,0.69,OVERLOAD_WARNING
2026-06-09 19:51:18,227.77,16.888,3846.62,0.0929,0.7,OVERLOAD_WARNING
2026-06-09 19:51:19,227.89,10.961,2497.98,0.0936,0.7,NORMAL
2026-06-09 19:51:20,232.53,17.327,4029.13,0.0947,0.71,OVERLOAD_WARNING
2026-06-09 19:51:21,226.09,10.681,2414.93,0.0954,0.72,NORMAL
2026-06-09 19:51:22,226.17,2.216,501.1,0.0955,0.72,NORMAL
2026-06-09 19:51:23,233.03,10.587,2467.03,0.0962,0.72,NORMAL
2026-06-09 19:51:24,233.75,1.69,395.08,0.0963,0.72,NORMAL
2026-06-09 19:51:25,227.93,1.378,314.02,0.0964,0.72,NORMAL
2026-06-09 19:51:26,232.58,2.352,547.11,0.0965,0.72,NORMAL
2026-06-09 19:51:27,226.47,2.269,513.93,0.0967,0.73,NORMAL
2026-06-09 19:51:28,227.28,2.181,495.67,0.0968,0.73,NORMAL
2026-06-09 19:51:29,233.38,10.421,2432.09,0.0975,0.73,NORMAL
2026-06-09 19:51:30,232.87,2.399,558.59,0.0977,0.73,NORMAL
2026-06-09 19:51:31,227.88,1.263,287.73,0.0977,0.73,NORMAL
2026-06-09 19:51:32,232.94,17.805,4147.36,0.0989,0.74,OVERLOAD_WARNING
2026-06-09 19:51:33,226.85,9.809,2225.24,0.0995,0.75,NORMAL
2026-06-09 19:51:34,233.5,10.959,2558.89,0.1003,0.75,NORMAL
2026-06-09 19:51:35,233.2,10.366,2417.34,0.1009,0.76,NORMAL
2026-06-09 19:51:36,231.62,17.836,4131.2,0.1021,0.77,OVERLOAD_WARNING
2026-06-09 19:51:37,228.65,10.595,2422.53,0.1028,0.77,NORMAL
2026-06-09 19:51:38,230.7,10.978,2532.61,0.1035,0.78,NORMAL
2026-06-09 19:51:39,230.22,10.369,2387.21,0.1042,0.78,NORMAL
2026-06-09 19:51:40,229.1,17.351,3975.18,0.1053,0.79,OVERLOAD_WARNING
2026-06-09 19:51:41,232.12,10.278,2385.81,0.106,0.79,NORMAL
2026-06-09 19:51:42,232.9,1.912,445.37,0.1061,0.8,NORMAL
2026-06-09 19:51:43,231.1,13.492,3117.9,0.1069,0.8,OVERLOAD_WARNING
2026-06-09 19:51:44,229.4,9.918,2275.14,0.1076,0.81,NORMAL
2026-06-09 19:51:45,233.16,1.246,290.45,0.1077,0.81,NORMAL
2026-06-09 19:51:46,230.54,10.756,2479.78,0.1084,0.81,NORMAL
2026-06-09 19:51:47,232.01,17.259,4004.09,0.1095,0.82,OVERLOAD_WARNING
2026-06-09 19:51:49,230.01,1.823,419.28,0.1096,0.82,NORMAL
2026-06-09 19:51:50,232.83,9.97,2321.37,0.1103,0.83,NORMAL
2026-06-09 19:51:51,228.79,17.162,3926.51,0.1114,0.84,OVERLOAD_WARNING
2026-06-09 19:51:52,231.09,2.461,568.6,0.1115,0.84,NORMAL
2026-06-09 19:51:53,227.5,10.515,2392.1,0.1122,0.84,NORMAL
2026-06-09 19:51:54,231.35,1.211,280.26,0.1123,0.84,NORMAL
2026-06-09 19:51:55,233.77,2.137,499.61,0.1124,0.84,NORMAL
2026-06-09 19:51:56,228.13,2.29,522.41,0.1126,0.84,NORMAL
2026-06-09 19:51:57,232.52,2.348,545.84,0.1127,0.85,NORMAL
2026-06-09 19:51:58,232.34,1.451,337.11,0.1128,0.85,NORMAL
2026-06-09 19:51:59,229.32,17.584,4032.34,0.1139,0.85,OVERLOAD_WARNING
2026-06-09 19:52:00,232.43,13.293,3089.58,0.1148,0.86,OVERLOAD_WARNING
2026-06-09 19:52:01,233.18,17.526,4086.63,0.1159,0.87,OVERLOAD_WARNING
2026-06-09 19:52:02,233.01,16.866,3929.87,0.117,0.88,OVERLOAD_WARNING
2026-06-09 19:52:03,229.63,13.237,3039.62,0.1179,0.88,OVERLOAD_WARNING
2026-06-09 19:52:04,230.41,13.873,3196.57,0.1188,0.89,OVERLOAD_WARNING
2026-06-09 19:52:05,226.91,10.113,2294.75,0.1194,0.9,NORMAL
2026-06-09 19:52:06,230.03,1.838,422.89,0.1195,0.9,NORMAL
2026-06-09 19:52:07,229.97,10.771,2477.05,0.1202,0.9,NORMAL
2026-06-09 19:52:08,231.47,17.883,4139.54,0.1214,0.91,OVERLOAD_WARNING
2026-06-09 19:52:09,228.75,10.231,2340.3,0.1221,0.92,NORMAL
2026-06-09 19:52:10,228.11,2.453,559.56,0.1222,0.92,NORMAL
2026-06-09 19:52:11,231.86,10.612,2460.51,0.1229,0.92,NORMAL
2026-06-09 19:52:12,230.6,1.78,410.5,0.123,0.92,NORMAL
2026-06-09 19:52:13,230.43,1.514,348.96,0.1231,0.92,NORMAL
2026-06-09 19:52:14,232.33,13.32,3094.56,0.124,0.93,OVERLOAD_WARNING
2026-06-09 19:52:15,229.83,17.608,4046.75,0.1251,0.94,OVERLOAD_WARNING
2026-06-09 19:52:16,227.44,10.583,2407.06,0.1258,0.94,NORMAL
2026-06-09 19:52:17,226.85,1.723,390.84,0.1259,0.94,NORMAL
2026-06-09 19:52:18,231.08,16.723,3864.5,0.127,0.95,OVERLOAD_WARNING
2026-06-09 19:52:19,228.57,16.884,3859.14,0.1281,0.96,OVERLOAD_WARNING
2026-06-09 19:52:20,229.5,10.253,2353.14,0.1287,0.97,NORMAL
2026-06-09 19:52:21,228.54,13.276,3034.06,0.1296,0.97,OVERLOAD_WARNING
2026-06-09 19:52:22,226.12,13.23,2991.44,0.1304,0.98,NORMAL
2026-06-09 19:52:23,230.33,14.08,3242.95,0.1313,0.98,OVERLOAD_WARNING
2026-06-09 19:52:24,232.76,9.947,2315.26,0.132,0.99,NORMAL
2026-06-09 19:52:25,227.52,13.311,3028.69,0.1328,1.0,OVERLOAD_WARNING
2026-06-09 19:52:26,230.78,14.235,3285.11,0.1337,1.0,OVERLOAD_WARNING
2026-06-09 19:52:27,230.63,10.508,2423.46,0.1344,1.01,NORMAL
2026-06-09 19:52:28,227.76,1.608,366.13,0.1345,1.01,NORMAL
2026-06-09 19:52:29,233.82,10.357,2421.6,0.1352,1.01,NORMAL
2026-06-09 19:52:30,232.65,14.019,3261.49,0.1361,1.02,OVERLOAD_WARNING
2026-06-09 19:52:31,231.57,1.937,448.55,0.1362,1.02,NORMAL
2026-06-09 19:52:32,229.24,10.535,2415.06,0.1369,1.03,NORMAL
2026-06-09 19:52:33,230.74,17.468,4030.54,0.138,1.04,OVERLOAD_WARNING
2026-06-09 19:52:34,231.88,10.204,2366.14,0.1387,1.04,NORMAL
2026-06-09 19:52:35,226.51,13.833,3133.16,0.1396,1.05,OVERLOAD_WARNING
2026-06-09 19:52:36,229.7,13.232,3039.55,0.1404,1.05,OVERLOAD_WARNING
2026-06-09 19:52:37,233.23,1.448,337.67,0.1405,1.05,NORMAL
2026-06-09 19:52:38,227.78,17.854,4066.66,0.1417,1.06,OVERLOAD_WARNING
2026-06-09 19:52:39,230.67,13.521,3118.83,0.1425,1.07,OVERLOAD_WARNING
2026-06-09 19:52:40,227.82,10.745,2447.96,0.1432,1.07,NORMAL
2026-06-09 19:52:41,227.26,9.804,2228.1,0.1439,1.08,NORMAL
2026-06-09 19:52:42,226.45,13.205,2990.18,0.1447,1.09,NORMAL
2026-06-09 19:52:43,226.68,16.607,3764.43,0.1457,1.09,OVERLOAD_WARNING
2026-06-09 19:52:44,226.76,17.053,3866.94,0.1468,1.1,OVERLOAD_WARNING
2026-06-09 19:52:45,229.07,1.867,427.65,0.147,1.1,NORMAL
2026-06-09 19:52:46,232.67,2.162,503.03,0.1471,1.1,NORMAL
2026-06-09 19:52:47,229.45,10.026,2300.46,0.1477,1.11,NORMAL
2026-06-09 19:52:48,232.2,10.477,2432.63,0.1484,1.11,NORMAL
2026-06-09 19:52:49,233.83,17.498,4091.55,0.1496,1.12,OVERLOAD_WARNING
2026-06-09 19:52:50,230.23,13.238,3047.62,0.1504,1.13,OVERLOAD_WARNING
2026-06-09 19:52:51,227.73,13.758,3133.11,0.1513,1.13,OVERLOAD_WARNING
2026-06-09 19:52:52,229.89,1.858,427.09,0.1514,1.14,NORMAL
2026-06-09 19:52:53,230.65,16.887,3894.95,0.1525,1.14,OVERLOAD_WARNING
2026-06-09 19:52:54,226.09,13.889,3140.21,0.1534,1.15,OVERLOAD_WARNING
2026-06-09 19:52:55,228.53,1.702,388.88,0.1535,1.15,NORMAL
2026-06-09 19:52:56,228.43,10.17,2323.07,0.1542,1.16,NORMAL
2026-06-09 19:52:57,232.02,1.537,356.67,0.1543,1.16,NORMAL
2026-06-09 19:52:58,233.05,10.529,2453.81,0.1549,1.16,NORMAL
2026-06-09 19:52:59,228.71,17.207,3935.48,0.156,1.17,OVERLOAD_WARNING
2026-06-09 19:53:00,231.48,1.264,292.64,0.1561,1.17,NORMAL
2026-06-09 19:53:01,226.7,17.508,3969.1,0.1572,1.18,OVERLOAD_WARNING
2026-06-09 19:53:02,230.56,16.738,3859.1,0.1583,1.19,OVERLOAD_WARNING
2026-06-09 19:53:03,229.86,14.074,3235.03,0.1592,1.19,OVERLOAD_WARNING
2026-06-09 19:53:04,232.63,10.926,2541.74,0.1599,1.2,NORMAL
2026-06-09 19:53:05,227.16,10.769,2446.4,0.1606,1.2,NORMAL
2026-06-09 19:53:06,227.4,9.898,2250.75,0.1612,1.21,NORMAL
2026-06-09 19:53:07,232.27,14.45,3356.47,0.1622,1.22,OVERLOAD_WARNING
2026-06-09 19:53:08,229.91,17.292,3975.67,0.1633,1.22,OVERLOAD_WARNING
2026-06-09 19:53:09,230.51,9.975,2299.35,0.1639,1.23,NORMAL
2026-06-09 19:53:10,231.36,1.952,451.68,0.1641,1.23,NORMAL
2026-06-09 19:53:11,228.5,1.727,394.61,0.1642,1.23,NORMAL
2026-06-09 19:53:12,227.33,16.8,3819.13,0.1652,1.24,OVERLOAD_WARNING
2026-06-09 19:53:13,231.96,17.151,3978.18,0.1664,1.25,OVERLOAD_WARNING
2026-06-09 19:53:14,229.32,17.041,3907.85,0.1674,1.26,OVERLOAD_WARNING
2026-06-09 19:53:15,229.1,13.714,3141.88,0.1683,1.26,OVERLOAD_WARNING
2026-06-09 19:53:16,230.12,14.005,3222.86,0.1692,1.27,OVERLOAD_WARNING
2026-06-09 19:53:17,226.51,13.511,3060.35,0.1701,1.28,OVERLOAD_WARNING
2026-06-09 19:53:18,226.14,17.393,3933.23,0.1712,1.28,OVERLOAD_WARNING
2026-06-09 19:53:19,230.89,10.4,2401.3,0.1719,1.29,NORMAL
2026-06-09 19:53:20,230.93,17.193,3970.28,0.173,1.3,OVERLOAD_WARNING
2026-06-09 19:53:21,232.9,1.714,399.3,0.1731,1.3,NORMAL
2026-06-09 19:53:22,230.85,13.703,3163.28,0.174,1.3,OVERLOAD_WARNING
2026-06-09 19:53:23,231.03,17.268,3989.37,0.1751,1.31,OVERLOAD_WARNING
2026-06-09 19:53:24,233.71,16.798,3925.78,0.1762,1.32,OVERLOAD_WARNING
2026-06-09 19:53:25,230.72,17.792,4104.86,0.1773,1.33,OVERLOAD_WARNING
2026-06-09 19:53:26,233.25,10.891,2540.22,0.178,1.34,NORMAL
2026-06-09 19:53:27,228.44,1.22,278.7,0.1781,1.34,NORMAL
2026-06-09 19:53:28,229.63,10.082,2315.14,0.1788,1.34,NORMAL
2026-06-09 19:53:29,231.74,17.467,4047.94,0.1799,1.35,OVERLOAD_WARNING
2026-06-09 19:53:30,231.99,1.932,448.17,0.18,1.35,NORMAL
2026-06-09 19:53:31,233.6,13.909,3249.17,0.1809,1.36,OVERLOAD_WARNING
2026-06-09 19:53:32,228.34,13.442,3069.29,0.1818,1.36,OVERLOAD_WARNING
2026-06-09 19:53:33,229.62,10.459,2401.59,0.1824,1.37,NORMAL
2026-06-09 19:53:34,228.21,1.42,324.11,0.1825,1.37,NORMAL
2026-06-09 19:54:00,233.09,9.832,2291.73,0.0,0.0,NORMAL
2026-06-09 19:54:01,229.71,16.825,3864.77,0.0011,0.01,OVERLOAD_WARNING
2026-06-09 19:54:02,230.72,1.798,414.85,0.0012,0.01,NORMAL
2026-06-09 19:54:03,231.98,1.622,376.37,0.0013,0.01,NORMAL
2026-06-09 19:54:04,229.64,9.905,2274.44,0.002,0.01,NORMAL
2026-06-09 19:54:05,231.4,1.989,460.19,0.0021,0.02,NORMAL
2026-06-09 19:54:06,227.07,17.665,4011.06,0.0032,0.02,OVERLOAD_WARNING
2026-06-09 19:54:07,227.13,10.857,2465.92,0.0039,0.03,NORMAL
2026-06-09 19:54:08,226.68,14.286,3238.33,0.0048,0.04,OVERLOAD_WARNING
2026-06-09 19:54:09,232.07,1.786,414.43,0.0049,0.04,NORMAL
2026-06-09 19:54:10,230.62,1.264,291.49,0.005,0.04,NORMAL
2026-06-09 19:54:11,231.25,1.345,310.96,0.0051,0.04,NORMAL
2026-06-09 19:54:12,227.66,1.994,453.89,0.0052,0.04,NORMAL
2026-06-09 19:54:13,233.99,13.472,3152.2,0.0061,0.05,OVERLOAD_WARNING
2026-06-09 19:54:14,231.9,13.744,3187.32,0.007,0.05,OVERLOAD_WARNING
2026-06-09 19:54:15,226.39,13.58,3074.49,0.0079,0.06,OVERLOAD_WARNING
2026-06-09 19:54:16,226.35,17.633,3991.18,0.009,0.07,OVERLOAD_WARNING
2026-06-09 19:54:17,228.32,9.887,2257.36,0.0096,0.07,NORMAL
2026-06-09 19:54:18,231.87,10.313,2391.19,0.0103,0.08,NORMAL
2026-06-09 19:54:19,231.19,1.725,398.87,0.0104,0.08,NORMAL
2026-06-09 19:54:20,232.57,9.92,2307.09,0.0111,0.08,NORMAL
2026-06-09 19:54:21,230.85,10.339,2386.79,0.0117,0.09,NORMAL
2026-06-09 19:54:22,228.64,1.815,415.06,0.0118,0.09,NORMAL
2026-06-09 19:54:23,231.8,1.343,311.3,0.0119,0.09,NORMAL
2026-06-09 19:54:24,229.86,14.247,3274.75,0.0128,0.1,OVERLOAD_WARNING
2026-06-09 19:54:25,227.69,10.526,2396.59,0.0135,0.1,NORMAL
2026-06-09 19:54:26,231.64,16.606,3846.57,0.0146,0.11,OVERLOAD_WARNING
2026-06-09 19:54:27,226.46,1.932,437.58,0.0147,0.11,NORMAL
2026-06-09 19:54:29,229.26,2.325,532.99,0.0149,0.11,NORMAL
2026-06-09 19:54:30,231.7,9.911,2296.45,0.0155,0.12,NORMAL
2026-06-09 19:54:31,230.81,1.401,323.27,0.0156,0.12,NORMAL
2026-06-09 19:54:32,232.26,10.076,2340.34,0.0163,0.12,NORMAL
2026-06-09 19:54:33,228.49,10.859,2481.23,0.0169,0.13,NORMAL
2026-06-09 19:54:34,231.29,9.777,2261.27,0.0176,0.13,NORMAL
2026-06-09 19:54:35,226.34,14.08,3186.81,0.0185,0.14,OVERLOAD_WARNING
2026-06-09 19:54:48,228.22,17.738,4048.32,0.0,0.0,OVERLOAD_WARNING
2026-06-09 19:54:49,227.12,13.24,3007.05,0.0008,0.01,OVERLOAD_WARNING
2026-06-09 19:54:50,229.1,17.374,3980.45,0.002,0.01,OVERLOAD_WARNING
2026-06-09 19:54:51,229.29,10.492,2405.7,0.0026,0.02,NORMAL
2026-06-09 19:54:52,230.51,13.739,3166.85,0.0035,0.03,OVERLOAD_WARNING
2026-06-09 19:54:53,231.89,14.042,3256.15,0.0044,0.03,OVERLOAD_WARNING
2026-06-09 19:54:54,229.61,10.307,2366.51,0.0051,0.04,NORMAL
2026-06-09 19:54:55,233.5,1.262,294.61,0.0052,0.04,NORMAL
2026-06-09 19:54:56,233.65,10.376,2424.39,0.0058,0.04,NORMAL
2026-06-09 19:54:57,226.02,16.763,3788.7,0.0069,0.05,OVERLOAD_WARNING
2026-06-09 19:54:58,230.31,10.538,2427.1,0.0076,0.06,NORMAL
2026-06-09 19:54:59,227.99,1.661,378.69,0.0077,0.06,NORMAL
2026-06-09 19:55:00,226.94,17.466,3963.64,0.0088,0.07,OVERLOAD_WARNING
2026-06-09 19:55:01,231.06,9.752,2253.36,0.0094,0.07,NORMAL
2026-06-09 19:55:02,226.15,16.78,3794.74,0.0105,0.08,OVERLOAD_WARNING
2026-06-09 19:55:03,230.23,2.148,494.53,0.0107,0.08,NORMAL
2026-06-09 19:55:04,231.16,1.591,367.88,0.0108,0.08,NORMAL
2026-06-09 19:55:05,226.77,1.265,286.86,0.0108,0.08,NORMAL
2026-06-09 19:55:06,231.3,13.583,3141.68,0.0117,0.09,OVERLOAD_WARNING
2026-06-09 19:55:07,226.1,13.605,3076.11,0.0126,0.09,OVERLOAD_WARNING
2026-06-09 19:55:08,232.49,16.887,3926.04,0.0137,0.1,OVERLOAD_WARNING
2026-06-09 19:55:09,226.44,13.233,2996.49,0.0145,0.11,NORMAL
2026-06-09 19:55:10,226.68,14.173,3212.83,0.0154,0.12,OVERLOAD_WARNING
2026-06-09 19:55:11,227.09,1.848,419.69,0.0155,0.12,NORMAL
2026-06-09 19:55:12,232.26,17.222,4000.06,0.0167,0.12,OVERLOAD_WARNING
2026-06-09 19:55:13,228.39,17.73,4049.4,0.0178,0.13,OVERLOAD_WARNING
2026-06-09 19:55:14,230.41,13.813,3182.65,0.0187,0.14,OVERLOAD_WARNING
2026-06-09 19:55:15,228.37,14.213,3245.72,0.0196,0.15,OVERLOAD_WARNING
2026-06-09 19:55:16,229.88,17.223,3959.16,0.0207,0.16,OVERLOAD_WARNING
2026-06-09 19:55:17,226.1,14.267,3225.74,0.0216,0.16,OVERLOAD_WARNING
2026-06-09 19:55:18,226.15,10.805,2443.51,0.0223,0.17,NORMAL
2026-06-09 19:55:19,229.39,2.487,570.61,0.0225,0.17,NORMAL
2026-06-09 19:55:20,233.63,13.625,3183.1,0.0234,0.18,OVERLOAD_WARNING
2026-06-09 19:55:21,228.54,14.494,3312.41,0.0243,0.18,OVERLOAD_WARNING
2026-06-09 19:55:22,227.78,16.783,3822.76,0.0254,0.19,OVERLOAD_WARNING
2026-06-09 19:55:23,231.7,1.522,352.64,0.0255,0.19,NORMAL
2026-06-09 19:55:24,227.28,1.299,295.16,0.0256,0.19,NORMAL
2026-06-09 19:55:25,227.95,16.868,3845.14,0.0266,0.2,OVERLOAD_WARNING
2026-06-09 19:55:26,229.47,14.338,3290.06,0.0276,0.21,OVERLOAD_WARNING
2026-06-09 19:55:27,229.14,17.329,3970.88,0.0287,0.22,OVERLOAD_WARNING
2026-06-09 19:55:28,232.83,10.836,2522.83,0.0294,0.22,NORMAL
2026-06-09 19:55:29,231.91,13.948,3234.67,0.0303,0.23,OVERLOAD_WARNING
2026-06-09 19:55:30,228.16,2.308,526.6,0.0305,0.23,NORMAL
2026-06-09 19:55:31,232.07,2.077,482.12,0.0306,0.23,NORMAL
2026-06-09 19:55:32,232.89,17.09,3980.07,0.0317,0.24,OVERLOAD_WARNING
2026-06-09 19:55:34,228.34,10.51,2399.89,0.0324,0.24,NORMAL
2026-06-09 19:55:35,230.59,2.0,461.07,0.0325,0.24,NORMAL
2026-06-09 19:55:36,226.23,2.292,518.42,0.0327,0.24,NORMAL
2026-06-09 19:55:37,229.86,10.331,2374.65,0.0333,0.25,NORMAL
2026-06-09 19:55:38,226.81,1.56,353.78,0.0334,0.25,NORMAL
2026-06-09 19:55:39,231.69,1.414,327.55,0.0335,0.25,NORMAL
2026-06-09 19:55:40,230.97,1.589,366.91,0.0336,0.25,NORMAL
2026-06-09 19:55:41,229.94,10.239,2354.44,0.0343,0.26,NORMAL
2026-06-09 19:55:42,229.68,1.407,323.13,0.0344,0.26,NORMAL
2026-06-09 19:55:43,226.36,10.999,2489.69,0.0351,0.26,NORMAL
2026-06-09 19:55:44,233.96,10.282,2405.63,0.0357,0.27,NORMAL
2026-06-09 19:55:45,229.44,1.366,313.4,0.0358,0.27,NORMAL
2026-06-09 19:55:46,229.43,10.217,2343.94,0.0365,0.27,NORMAL
2026-06-09 19:55:47,226.34,10.375,2348.37,0.0371,0.28,NORMAL
2026-06-09 19:55:48,233.56,10.609,2477.9,0.0378,0.28,NORMAL
2026-06-09 19:55:49,227.76,10.107,2301.99,0.0385,0.29,NORMAL
2026-06-09 19:55:50,228.86,16.672,3815.51,0.0396,0.3,OVERLOAD_WARNING
2026-06-09 19:55:51,226.76,1.677,380.34,0.0397,0.3,NORMAL
2026-06-09 19:55:52,227.82,10.434,2377.07,0.0403,0.3,NORMAL
2026-06-09 19:55:53,226.09,13.987,3162.44,0.0412,0.31,OVERLOAD_WARNING
2026-06-09 19:55:54,227.34,17.465,3970.47,0.0423,0.32,OVERLOAD_WARNING
2026-06-09 19:55:55,231.29,14.052,3250.21,0.0432,0.32,OVERLOAD_WARNING
2026-06-09 19:55:56,232.92,10.717,2496.31,0.0439,0.33,NORMAL
2026-06-09 19:55:57,231.83,1.924,446.05,0.0441,0.33,NORMAL
2026-06-09 19:55:58,227.13,13.77,3127.52,0.045,0.34,OVERLOAD_WARNING
2026-06-09 19:55:59,231.35,10.59,2450.01,0.0456,0.34,NORMAL
2026-06-09 19:56:00,231.09,1.615,373.23,0.0458,0.34,NORMAL
2026-06-09 19:56:01,230.49,17.126,3947.47,0.0469,0.35,OVERLOAD_WARNING
2026-06-09 19:56:02,228.71,16.635,3804.71,0.0479,0.36,OVERLOAD_WARNING
2026-06-09 19:56:03,229.99,10.36,2382.78,0.0486,0.36,NORMAL
2026-06-09 19:56:04,230.4,10.426,2402.06,0.0493,0.37,NORMAL
2026-06-09 19:56:05,232.88,1.75,407.45,0.0494,0.37,NORMAL
2026-06-09 19:56:06,226.36,16.766,3795.14,0.0505,0.38,OVERLOAD_WARNING
2026-06-09 19:56:07,227.59,13.814,3143.89,0.0513,0.39,OVERLOAD_WARNING
2026-06-09 19:56:08,232.87,10.04,2337.95,0.052,0.39,NORMAL
2026-06-09 19:56:09,231.34,17.332,4009.74,0.0531,0.4,OVERLOAD_WARNING
2026-06-09 19:56:10,229.99,13.593,3126.26,0.054,0.4,OVERLOAD_WARNING
2026-06-09 19:56:11,227.75,1.746,397.55,0.0541,0.41,NORMAL
2026-06-09 19:56:12,227.13,17.714,4023.41,0.0552,0.41,OVERLOAD_WARNING
2026-06-09 19:56:13,230.46,10.657,2456.11,0.0559,0.42,NORMAL
2026-06-09 19:56:14,231.5,16.748,3877.31,0.057,0.43,OVERLOAD_WARNING
2026-06-09 19:56:15,232.76,17.23,4010.47,0.0581,0.44,OVERLOAD_WARNING
2026-06-09 19:56:16,226.13,14.414,3259.35,0.0591,0.44,OVERLOAD_WARNING
2026-06-09 19:56:17,227.63,1.67,380.04,0.0592,0.44,NORMAL
2026-06-09 19:56:18,227.17,10.214,2320.25,0.0598,0.45,NORMAL
2026-06-09 19:56:19,226.08,10.028,2267.14,0.0604,0.45,NORMAL
2026-06-09 19:56:20,230.4,10.208,2352.03,0.0611,0.46,NORMAL
2026-06-09 19:56:21,230.92,10.048,2320.21,0.0618,0.46,NORMAL
2026-06-09 19:56:22,229.98,16.77,3856.76,0.0628,0.47,OVERLOAD_WARNING
2026-06-09 19:56:23,226.18,10.342,2339.22,0.0635,0.48,NORMAL
2026-06-09 19:56:24,231.98,9.933,2304.25,0.0641,0.48,NORMAL
2026-06-09 19:56:25,228.22,13.857,3162.49,0.065,0.49,OVERLOAD_WARNING
2026-06-09 19:56:26,230.33,14.21,3272.89,0.0659,0.49,OVERLOAD_WARNING
2026-06-09 19:56:27,232.45,10.675,2481.43,0.0666,0.5,NORMAL
2026-06-09 19:56:28,227.87,16.735,3813.47,0.0677,0.51,OVERLOAD_WARNING
2026-06-09 19:56:29,231.93,17.44,4045.01,0.0688,0.52,OVERLOAD_WARNING
2026-06-09 19:56:30,230.36,10.374,2389.78,0.0695,0.52,NORMAL
2026-06-09 19:56:31,233.21,16.778,3912.82,0.0706,0.53,OVERLOAD_WARNING
2026-06-09 19:56:32,228.77,10.208,2335.29,0.0713,0.53,NORMAL
2026-06-09 19:56:33,229.75,10.051,2309.25,0.0719,0.54,NORMAL
2026-06-09 19:56:34,233.33,1.522,355.24,0.072,0.54,NORMAL
2026-06-09 19:56:35,230.08,17.868,4111.01,0.0731,0.55,OVERLOAD_WARNING
2026-06-09 19:56:36,226.36,1.325,299.82,0.0732,0.55,NORMAL
2026-06-09 19:56:37,232.71,1.777,413.53,0.0734,0.55,NORMAL
2026-06-09 19:56:38,228.0,2.332,531.76,0.0735,0.55,NORMAL
2026-06-09 19:56:39,231.9,1.306,302.93,0.0736,0.55,NORMAL
2026-06-09 19:56:40,232.22,1.896,440.24,0.0737,0.55,NORMAL
2026-06-09 19:56:41,227.42,10.126,2302.94,0.0744,0.56,NORMAL
2026-06-09 19:56:42,226.46,10.437,2363.57,0.075,0.56,NORMAL
2026-06-09 19:56:43,232.21,13.427,3117.89,0.0759,0.57,OVERLOAD_WARNING
2026-06-09 19:56:44,226.83,10.664,2418.97,0.0766,0.57,NORMAL
2026-06-09 19:56:45,232.22,1.841,427.55,0.0767,0.58,NORMAL
2026-06-09 19:56:46,232.24,1.54,357.73,0.0768,0.58,NORMAL
2026-06-09 19:56:47,232.19,1.563,362.94,0.0769,0.58,NORMAL
2026-06-09 19:56:48,228.92,17.332,3967.68,0.078,0.59,OVERLOAD_WARNING
2026-06-09 19:56:49,229.79,13.796,3170.18,0.0789,0.59,OVERLOAD_WARNING
2026-06-09 19:56:50,226.27,13.425,3037.6,0.0797,0.6,OVERLOAD_WARNING
2026-06-09 19:56:51,233.64,17.16,4009.39,0.0809,0.61,OVERLOAD_WARNING
2026-06-09 19:56:52,229.53,16.909,3881.09,0.082,0.61,OVERLOAD_WARNING
2026-06-09 19:56:53,229.68,17.713,4068.21,0.0831,0.62,OVERLOAD_WARNING
2026-06-09 19:56:54,233.77,10.918,2552.39,0.0838,0.63,NORMAL
2026-06-09 19:56:55,231.05,1.604,370.62,0.0839,0.63,NORMAL
2026-06-09 19:58:35,226.58,1.465,332.04,0.0,0.0,NORMAL
2026-06-09 19:58:36,226.86,14.35,3255.47,0.0009,0.01,OVERLOAD_WARNING
2026-06-09 19:58:37,230.21,1.424,327.91,0.001,0.01,NORMAL
2026-06-09 19:58:38,232.27,17.271,4011.7,0.0021,0.02,OVERLOAD_WARNING
2026-06-09 19:58:39,232.34,1.657,385.03,0.0022,0.02,NORMAL
2026-06-09 19:58:40,233.38,9.853,2299.52,0.0029,0.02,NORMAL
2026-06-09 19:58:41,227.94,10.28,2343.09,0.0035,0.03,NORMAL
2026-06-09 19:58:42,226.7,14.021,3178.49,0.0044,0.03,OVERLOAD_WARNING
2026-06-09 19:58:43,232.38,17.884,4155.85,0.0056,0.04,OVERLOAD_WARNING
2026-06-09 19:58:44,232.74,17.106,3981.37,0.0067,0.05,OVERLOAD_WARNING
2026-06-09 19:58:45,231.4,14.392,3330.26,0.0076,0.06,OVERLOAD_WARNING
2026-06-09 19:58:46,228.29,14.38,3282.74,0.0086,0.06,OVERLOAD_WARNING
2026-06-09 19:58:47,231.46,14.371,3326.24,0.0095,0.07,OVERLOAD_WARNING
2026-06-09 19:58:48,230.2,10.818,2490.15,0.0102,0.08,NORMAL
2026-06-09 19:58:49,230.81,2.497,576.36,0.0103,0.08,NORMAL
2026-06-09 19:58:50,227.05,14.415,3272.98,0.0113,0.08,OVERLOAD_WARNING
2026-06-09 19:58:51,230.03,14.228,3272.9,0.0122,0.09,OVERLOAD_WARNING
2026-06-09 19:58:52,229.41,17.628,4044.12,0.0133,0.1,OVERLOAD_WARNING
2026-06-09 19:58:53,231.01,17.112,3953.17,0.0144,0.11,OVERLOAD_WARNING
2026-06-09 19:58:54,232.39,17.746,4124.09,0.0156,0.12,OVERLOAD_WARNING
2026-06-09 19:58:55,228.93,13.487,3087.51,0.0164,0.12,OVERLOAD_WARNING
2026-06-09 19:58:56,231.68,2.402,556.6,0.0166,0.12,NORMAL
2026-06-09 19:58:57,228.66,17.032,3894.56,0.0177,0.13,OVERLOAD_WARNING
2026-06-09 19:58:58,226.83,2.438,553.0,0.0178,0.13,NORMAL
2026-06-09 19:58:59,231.89,14.455,3351.93,0.0188,0.14,OVERLOAD_WARNING
2026-06-09 19:59:00,232.32,9.964,2314.73,0.0194,0.15,NORMAL
2026-06-09 19:59:01,226.47,16.749,3793.0,0.0205,0.15,OVERLOAD_WARNING
2026-06-09 19:59:02,227.66,2.316,527.3,0.0207,0.15,NORMAL
2026-06-09 19:59:03,226.57,17.544,3975.02,0.0218,0.16,OVERLOAD_WARNING
2026-06-09 19:59:04,230.73,14.11,3255.62,0.0227,0.17,OVERLOAD_WARNING
2026-06-09 19:59:05,229.93,1.563,359.45,0.0228,0.17,NORMAL
2026-06-09 19:59:06,226.35,1.994,451.37,0.0229,0.17,NORMAL
2026-06-09 19:59:07,227.76,13.993,3187.08,0.0238,0.18,OVERLOAD_WARNING
2026-06-09 19:59:08,226.42,10.696,2421.82,0.0245,0.18,NORMAL
2026-06-09 19:59:09,226.89,10.499,2382.03,0.0252,0.19,NORMAL
2026-06-09 19:59:10,231.25,1.811,418.85,0.0253,0.19,NORMAL
2026-06-09 19:59:11,226.47,17.676,4003.08,0.0264,0.2,OVERLOAD_WARNING
2026-06-09 19:59:12,229.97,10.397,2391.06,0.0271,0.2,NORMAL
2026-06-09 19:59:13,229.83,10.524,2418.75,0.0278,0.21,NORMAL
2026-06-09 19:59:14,233.8,14.472,3383.43,0.0287,0.22,OVERLOAD_WARNING
2026-06-09 19:59:15,230.57,1.891,436.03,0.0288,0.22,NORMAL
2026-06-09 19:59:16,231.83,17.37,4027.0,0.03,0.22,OVERLOAD_WARNING
2026-06-09 19:59:17,226.29,2.03,459.42,0.0301,0.23,NORMAL
2026-06-09 19:59:18,228.04,1.49,339.82,0.0302,0.23,NORMAL
2026-06-09 19:59:19,232.59,16.841,3917.03,0.0313,0.23,OVERLOAD_WARNING
2026-06-09 19:59:20,232.88,14.255,3319.74,0.0322,0.24,OVERLOAD_WARNING
2026-06-09 19:59:21,233.71,10.85,2535.71,0.0329,0.25,NORMAL
2026-06-09 19:59:22,230.25,16.779,3863.48,0.034,0.26,OVERLOAD_WARNING
2026-06-09 19:59:23,230.87,10.72,2474.92,0.0347,0.26,NORMAL
2026-06-09 19:59:24,232.38,13.242,3077.17,0.0356,0.27,OVERLOAD_WARNING
2026-06-09 20:02:23,227.26,10.672,2425.28,0.0,0.0,NORMAL
2026-06-09 20:02:25,227.09,9.859,2238.88,0.0006,0.0,NORMAL
2026-06-09 20:02:26,233.13,16.81,3918.98,0.0017,0.01,OVERLOAD_WARNING
2026-06-09 20:02:27,229.11,10.549,2416.96,0.0024,0.02,NORMAL
2026-06-09 20:02:28,226.65,10.856,2460.57,0.0031,0.02,NORMAL
2026-06-09 20:02:29,233.69,17.832,4167.19,0.0043,0.03,OVERLOAD_WARNING
2026-06-09 20:02:30,226.71,16.772,3802.22,0.0053,0.04,OVERLOAD_WARNING
2026-06-09 20:02:31,232.32,13.482,3132.06,0.0062,0.05,OVERLOAD_WARNING
2026-06-09 20:02:32,231.62,1.251,289.75,0.0063,0.05,NORMAL
2026-06-09 20:02:33,233.14,17.033,3971.2,0.0074,0.06,OVERLOAD_WARNING
2026-06-09 20:02:34,233.67,17.259,4032.74,0.0085,0.06,OVERLOAD_WARNING
2026-06-09 20:02:35,233.88,14.201,3321.39,0.0095,0.07,OVERLOAD_WARNING
2026-06-09 20:02:36,230.88,10.461,2415.25,0.0102,0.08,NORMAL
2026-06-09 20:02:37,227.63,17.505,3984.75,0.0113,0.08,OVERLOAD_WARNING
2026-06-09 20:02:38,231.96,2.014,467.14,0.0114,0.09,NORMAL
2026-06-09 20:02:39,227.77,1.269,289.06,0.0115,0.09,NORMAL
2026-06-09 20:02:40,228.31,16.9,3858.45,0.0126,0.09,OVERLOAD_WARNING
2026-06-09 20:02:41,228.03,16.601,3785.45,0.0136,0.1,OVERLOAD_WARNING
2026-06-09 20:02:42,227.34,10.597,2409.05,0.0143,0.11,NORMAL
2026-06-09 20:02:43,233.72,17.846,4170.97,0.0155,0.12,OVERLOAD_WARNING
2026-06-09 20:02:44,229.8,17.223,3957.88,0.0166,0.12,OVERLOAD_WARNING
2026-06-09 20:02:45,228.15,10.129,2310.88,0.0172,0.13,NORMAL
2026-06-09 20:02:46,228.5,1.25,285.59,0.0173,0.13,NORMAL
2026-06-09 20:02:47,227.44,16.79,3818.8,0.0184,0.14,OVERLOAD_WARNING
2026-06-09 20:02:48,227.02,10.711,2431.71,0.0191,0.14,NORMAL
2026-06-09 20:02:49,226.76,1.873,424.78,0.0192,0.14,NORMAL
2026-06-09 20:02:50,226.67,17.817,4038.68,0.0203,0.15,OVERLOAD_WARNING
2026-06-10 16:26:09,228.39,6.636,1515.52,0.0,0.0,NORMAL
2026-06-10 16:26:10,227.17,1.8,408.96,0.0001,0.0,NORMAL
2026-06-10 16:26:11,228.14,2.328,531.13,0.0003,0.0,NORMAL
2026-06-10 16:26:12,233.86,2.875,672.35,0.0004,0.0,NORMAL
2026-06-10 16:26:13,230.67,6.319,1457.63,0.0009,0.01,NORMAL
2026-06-10 16:26:14,228.3,2.365,540.04,0.001,0.01,NORMAL
2026-06-10 16:26:15,232.02,6.131,1422.41,0.0014,0.01,NORMAL
2026-06-10 16:26:16,229.93,1.61,370.25,0.0015,0.01,NORMAL
2026-06-10 16:26:17,230.78,2.404,554.76,0.0017,0.01,NORMAL
2026-06-10 16:26:18,232.39,6.611,1536.32,0.0021,0.02,NORMAL
2026-06-10 16:26:19,230.97,2.97,686.02,0.0023,0.02,NORMAL
2026-06-10 16:26:20,229.49,6.179,1417.98,0.0027,0.02,NORMAL
2026-06-10 16:26:21,232.32,3.119,724.56,0.0029,0.02,NORMAL
2026-06-10 16:26:22,231.43,3.018,698.56,0.0031,0.02,NORMAL
2026-06-10 16:26:23,229.42,2.078,476.8,0.0032,0.02,NORMAL
2026-06-10 16:26:24,232.73,2.723,633.64,0.0034,0.03,NORMAL
2026-06-10 16:26:25,233.06,1.667,388.61,0.0035,0.03,NORMAL
2026-06-10 16:26:26,232.57,3.55,825.59,0.0037,0.03,NORMAL
2026-06-10 16:26:27,231.81,1.435,332.54,0.0038,0.03,NORMAL
2026-06-10 16:26:28,232.21,3.255,755.95,0.004,0.03,NORMAL
2026-06-10 16:26:29,227.87,2.918,664.92,0.0042,0.03,NORMAL
2026-06-10 16:26:30,231.21,3.053,705.84,0.0044,0.03,NORMAL
2026-06-10 16:26:31,226.35,2.142,484.81,0.0046,0.03,NORMAL
2026-06-10 16:26:32,231.93,2.14,496.37,0.0047,0.04,NORMAL
2026-06-10 16:26:33,233.95,1.91,446.74,0.0048,0.04,NORMAL
2026-06-10 16:26:34,232.48,1.767,410.8,0.0049,0.04,NORMAL
2026-06-10 16:26:35,233.16,1.453,338.78,0.005,0.04,NORMAL
2026-06-10 16:26:36,233.35,3.216,750.48,0.0052,0.04,NORMAL
2026-06-10 16:26:37,232.19,2.32,538.59,0.0054,0.04,NORMAL
2026-06-10 16:26:38,230.87,1.886,435.48,0.0055,0.04,NORMAL
2026-06-10 16:26:39,228.31,2.766,631.41,0.0057,0.04,NORMAL
2026-06-10 16:26:40,232.69,6.109,1421.55,0.0061,0.05,NORMAL
2026-06-10 16:26:41,230.86,1.87,431.6,0.0062,0.05,NORMAL
2026-06-10 16:26:42,226.73,5.559,1260.47,0.0066,0.05,NORMAL
2026-06-10 16:26:43,226.96,3.22,730.73,0.0068,0.05,NORMAL
2026-06-10 16:26:44,232.95,1.416,329.95,0.0069,0.05,NORMAL
2026-06-10 16:26:45,232.38,1.732,402.44,0.007,0.05,NORMAL
2026-06-10 16:26:46,230.68,2.443,563.68,0.0071,0.05,NORMAL
2026-06-10 16:26:47,230.45,5.688,1310.9,0.0075,0.06,NORMAL
2026-06-10 16:26:48,233.7,3.351,783.24,0.0077,0.06,NORMAL
2026-06-10 16:26:49,228.71,5.607,1282.45,0.0081,0.06,NORMAL
2026-06-10 16:26:51,233.8,2.146,501.68,0.0082,0.06,NORMAL
2026-06-10 16:26:52,230.33,5.503,1267.55,0.0086,0.06,NORMAL
2026-06-10 16:26:53,226.65,1.822,413.05,0.0087,0.07,NORMAL
2026-06-10 16:26:54,233.57,1.784,416.65,0.0088,0.07,NORMAL
2026-06-10 16:26:55,227.14,6.572,1492.8,0.0092,0.07,NORMAL
2026-06-10 16:26:56,227.83,2.051,467.26,0.0094,0.07,NORMAL
2026-06-10 16:26:57,228.58,6.698,1530.97,0.0098,0.07,NORMAL
2026-06-10 16:26:58,228.57,3.342,763.88,0.01,0.07,NORMAL
2026-06-10 16:26:59,232.29,5.575,1295.02,0.0104,0.08,NORMAL
2026-06-10 16:27:00,233.64,1.495,349.32,0.0105,0.08,NORMAL
2026-06-10 16:27:01,227.98,1.757,400.65,0.0106,0.08,NORMAL
2026-06-10 16:27:02,227.11,1.573,357.18,0.0107,0.08,NORMAL
2026-06-10 16:27:03,228.9,2.422,554.35,0.0108,0.08,NORMAL
2026-06-10 16:27:04,232.34,6.554,1522.79,0.0112,0.08,NORMAL
2026-06-10 16:27:05,227.7,2.31,526.01,0.0114,0.09,NORMAL
2026-06-10 16:27:06,226.26,6.085,1376.72,0.0118,0.09,NORMAL
2026-06-10 16:27:07,232.79,1.797,418.29,0.0119,0.09,NORMAL
2026-06-10 16:27:08,230.17,2.289,526.77,0.012,0.09,NORMAL
2026-06-10 16:27:09,233.19,6.221,1450.63,0.0124,0.09,NORMAL
2026-06-10 16:27:10,233.83,5.558,1299.64,0.0128,0.1,NORMAL
2026-06-10 16:27:11,227.85,1.512,344.45,0.0129,0.1,NORMAL
2026-06-10 16:27:12,233.0,2.494,580.99,0.0131,0.1,NORMAL
2026-06-10 16:27:13,226.32,1.323,299.38,0.0132,0.1,NORMAL
2026-06-10 16:27:14,226.28,3.461,783.09,0.0134,0.1,NORMAL
2026-06-10 16:27:15,226.03,1.45,327.72,0.0135,0.1,NORMAL
2026-06-10 16:27:16,233.23,2.271,529.62,0.0136,0.1,NORMAL
2026-06-10 16:27:17,229.32,3.425,785.39,0.0138,0.1,NORMAL
2026-06-10 16:27:18,228.13,2.78,634.33,0.014,0.11,NORMAL
2026-06-10 16:27:19,230.21,2.807,646.19,0.0142,0.11,NORMAL
2026-06-10 16:27:20,227.58,1.413,321.45,0.0143,0.11,NORMAL
2026-06-10 16:27:21,233.57,1.743,407.1,0.0144,0.11,NORMAL
2026-06-10 16:27:22,233.26,5.564,1297.96,0.0148,0.11,NORMAL
2026-06-10 16:27:23,233.53,1.598,373.25,0.0149,0.11,NORMAL
2026-06-10 16:27:24,230.62,5.771,1330.92,0.0153,0.11,NORMAL
2026-06-10 16:27:25,227.9,1.567,357.18,0.0154,0.12,NORMAL
2026-06-10 16:27:26,233.35,3.115,726.97,0.0156,0.12,NORMAL
2026-06-10 16:27:27,232.33,3.371,783.26,0.0158,0.12,NORMAL
2026-06-10 16:27:28,233.59,2.396,559.78,0.0159,0.12,NORMAL
2026-06-10 16:27:29,233.06,1.865,434.67,0.0161,0.12,NORMAL
2026-06-10 16:27:30,228.65,6.077,1389.47,0.0165,0.12,NORMAL
2026-06-10 16:27:31,232.29,2.307,535.78,0.0166,0.12,NORMAL
2026-06-10 16:27:32,226.44,2.357,533.66,0.0168,0.13,NORMAL
2026-06-10 16:27:33,231.61,3.388,784.69,0.017,0.13,NORMAL
2026-06-10 16:27:34,230.65,2.691,620.78,0.0171,0.13,NORMAL
2026-06-10 16:27:35,229.33,6.31,1447.04,0.0176,0.13,NORMAL
2026-06-10 16:27:36,228.2,2.454,560.12,0.0177,0.13,NORMAL
2026-06-10 16:27:37,228.65,1.976,451.74,0.0178,0.13,NORMAL
2026-06-10 16:27:38,226.53,2.478,561.22,0.018,0.13,NORMAL
2026-06-10 16:27:39,226.78,1.41,319.81,0.0181,0.14,NORMAL
2026-06-10 16:27:40,226.9,6.248,1417.6,0.0185,0.14,NORMAL
2026-06-10 16:27:41,232.77,6.661,1550.56,0.0189,0.14,NORMAL
2026-06-10 16:27:42,231.24,1.98,457.83,0.019,0.14,NORMAL
2026-06-10 16:27:43,228.84,2.324,531.89,0.0192,0.14,NORMAL
2026-06-10 16:27:44,231.85,1.491,345.62,0.0193,0.14,NORMAL
2026-06-10 16:27:45,228.33,6.172,1409.14,0.0197,0.15,NORMAL
2026-06-10 16:27:46,233.8,1.661,388.29,0.0198,0.15,NORMAL
2026-06-10 16:27:47,233.72,1.785,417.3,0.0199,0.15,NORMAL
2026-06-10 16:27:48,230.17,5.609,1290.98,0.0203,0.15,NORMAL
2026-06-10 16:27:49,228.81,5.723,1309.54,0.0206,0.15,NORMAL
2026-06-10 16:27:50,232.28,5.564,1292.5,0.021,0.16,NORMAL
2026-06-10 16:27:51,228.01,2.34,533.55,0.0212,0.16,NORMAL
2026-06-10 16:27:52,228.2,6.008,1371.1,0.0215,0.16,NORMAL
2026-06-10 16:27:53,232.7,2.633,612.59,0.0217,0.16,NORMAL
2026-06-10 16:27:54,227.87,2.434,554.62,0.0219,0.16,NORMAL
2026-06-10 16:27:55,233.49,2.002,467.52,0.022,0.16,NORMAL
2026-06-10 16:27:56,227.18,6.244,1418.63,0.0224,0.17,NORMAL
2026-06-10 16:27:57,226.61,2.38,539.36,0.0225,0.17,NORMAL
2026-06-10 16:27:58,232.31,2.478,575.63,0.0227,0.17,NORMAL
2026-06-10 16:27:59,228.93,2.235,511.64,0.0229,0.17,NORMAL
2026-06-10 16:28:00,227.68,6.055,1378.64,0.0232,0.17,NORMAL
2026-06-10 16:28:01,232.7,1.29,300.23,0.0233,0.17,NORMAL
2026-06-10 16:28:02,229.9,1.694,389.48,0.0234,0.18,NORMAL
2026-06-10 16:28:03,228.2,1.398,318.94,0.0235,0.18,NORMAL
2026-06-10 16:28:04,231.43,1.717,397.33,0.0236,0.18,NORMAL
2026-06-10 16:28:05,226.22,3.33,753.28,0.0238,0.18,NORMAL
2026-06-10 16:28:06,231.15,5.694,1316.1,0.0242,0.18,NORMAL
2026-06-10 16:28:07,227.7,1.569,357.18,0.0243,0.18,NORMAL
2026-06-10 16:28:08,226.74,2.843,644.63,0.0245,0.18,NORMAL
2026-06-10 16:28:09,228.7,1.444,330.24,0.0246,0.18,NORMAL
2026-06-10 16:28:10,228.21,3.192,728.52,0.0248,0.19,NORMAL
